Cell id,Area,Perimeter,Convex hull area,Convex hull perimeter,Major axis vector,Major axis angle (rad),Major axis length,Minor axis length,Centroids,Fibre length
1,800,120,835,120,"(32 , -20)",-0.5585993153435624,37.0,29.0,"(1856.0 , 14.0)",20.0
2,1990,200,2056,200,"(36 , -54)",-0.982793723247329,64.0,46.0,"(398.0 , 26.0)",27.41682041872757
3,2312,218,2398,218,"(36 , 55)",0.9912323415015735,65.0,47.0,"(274.0 , 29.0)",28.843616778665
4,1507,192,1644,192,"(41 , -46)",-0.842806278034248,61.0,32.0,"(647.0 , 23.0)",19.768811573013792
5,1326,174,1476,174,"(21 , -46)",-1.142532173918242,50.0,44.0,"(1054.0 , 26.0)",19.70399193141841
6,1848,242,2113,240,"(83 , -14)",-0.16710179993110563,84.0,34.0,"(1396.0 , 22.0)",17.92947028753342
7,1023,150,1083,150,"(40 , 30)",0.6435011087932844,50.0,28.0,"(831.0 , 33.0)",17.923228049548108
8,869,130,925,130,"(21 , -34)",-1.017502001472604,39.0,34.0,"(1622.0 , 35.0)",18.81606781659599
9,1848,202,1910,202,"(39 , -54)",-0.9453112865556675,66.0,40.0,"(1303.0 , 49.0)",24.0
10,1363,182,1528,180,"(54 , 30)",0.507098504392337,61.0,36.0,"(1662.0 , 41.0)",18.9058277060556
11,1251,160,1321,160,"(42 , 10)",0.23374318086890142,43.0,38.0,"(1826.0 , 44.0)",21.318458307730594
12,1310,174,1435,174,"(9 , -54)",-1.4056476493802699,54.0,34.0,"(730.0 , 53.0)",19.37014297597269
13,1275,174,1358,174,"(32 , 46)",0.9629943306809362,56.0,32.0,"(1729.0 , 54.0)",18.65548350239031
14,2024,212,2151,212,"(29 , 55)",1.0855693342275603,62.0,42.0,"(859.0 , 62.0)",24.9821485477562
15,927,132,961,132,"(32 , -29)",-0.7362574289814281,43.0,29.0,"(1927.0 , 48.0)",20.272077938642145
16,1965,216,2102,216,"(44 , 54)",0.8870870151605253,69.0,44.0,"(600.0 , 61.0)",23.16171210978145
17,1398,168,1464,168,"(25 , 43)",1.044169055361146,49.0,37.0,"(934.0 , 56.0)",22.868873530291008
18,1141,166,1196,166,"(40 , 39)",0.7727406115633964,55.0,29.0,"(1433.0 , 57.0)",17.390873097517613
19,991,142,1042,142,"(18 , -39)",-1.1383885512243588,42.0,33.0,"(1467.0 , 57.0)",19.091160918578062
20,2035,206,2105,206,"(48 , -43)",-0.7305083008032945,64.0,44.0,"(212.0 , 66.0)",26.65548350239031
21,816,140,865,140,"(20 , 42)",1.1263771168937977,46.0,23.0,"(1763.0 , 65.0)",14.776251583843315
22,1552,198,1738,198,"(17 , 57)",1.2809498368832768,59.0,34.0,"(1980.0 , 71.0)",19.529180858708582
23,1903,208,2045,208,"(48 , 34)",0.6162969373960714,58.0,47.0,"(1365.0 , 72.0)",23.69805660383019
24,2129,230,2427,230,"(47 , 50)",0.8163161429604909,68.0,47.0,"(1083.0 , 80.0)",23.188923071404474
25,1074,146,1147,146,"(38 , 12)",0.30587887140485215,39.0,37.0,"(1516.0 , 65.0)",20.429841320011803
26,1101,144,1158,144,"(38 , 24)",0.5633162614919681,44.0,37.0,"(91.0 , 65.0)",22.03575995623106
27,1624,184,1710,184,"(53 , 16)",0.2931868965578822,55.0,38.0,"(344.0 , 72.0)",23.818926987181165
28,994,143,1035,144,"(32 , 29)",0.7362574289814281,43.0,30.0,"(770.0 , 71.0)",18.895846209316826
29,1189,156,1243,156,"(44 , -12)",-0.2662520491509253,45.0,36.0,"(1030.0 , 70.0)",20.7791328417114
30,2281,218,2422,218,"(49 , 42)",0.7086262721276703,64.0,49.0,"(1185.0 , 85.0)",28.246428814349848
31,1266,162,1334,162,"(42 , -7)",-0.16514867741462683,42.0,39.0,"(809.0 , 78.0)",21.154457877846898
32,2528,230,2679,230,"(57 , 39)",0.6000502134017536,69.0,50.0,"(1875.0 , 88.0)",29.602867530873358
33,1546,178,1659,174,"(32 , -46)",-0.9629943306809362,56.0,43.0,"(2014.0 , 87.0)",23.661334015825293
34,1365,168,1425,168,"(16 , -50)",-1.2610933822524404,52.0,35.0,"(1793.0 , 92.0)",22.025015644561822
35,1609,186,1723,186,"(36 , 40)",0.83798122500839,53.0,42.0,"(643.0 , 91.0)",22.978733027321848
36,1369,174,1504,174,"(46 , -19)",-0.3916999394374241,49.0,39.0,"(1681.0 , 96.0)",20.625341532604253
37,2352,228,2535,228,"(53 , 35)",0.5836358190771612,63.0,54.0,"(1226.0 , 109.0)",27.050041736256127
38,1560,172,1608,172,"(39 , 32)",0.6871242101414391,50.0,42.0,"(430.0 , 101.0)",26.0
39,1470,168,1539,168,"(12 , -47)",-1.3208177053340742,48.0,39.0,"(1575.0 , 107.0)",24.853571800517752
40,746,138,811,138,"(34 , 31)",0.7392770473829371,46.0,21.0,"(1742.0 , 100.0)",13.422761091642009
41,961,140,1004,140,"(37 , -15)",-0.3851575063634742,39.0,35.0,"(1953.0 , 104.0)",18.75192319072808
42,1540,184,1683,184,"(56 , 27)",0.4492601126118805,62.0,37.0,"(2050.0 , 106.0)",22.0
43,1939,218,2092,218,"(22 , 70)",1.2662854435927842,73.0,37.0,"(1470.0 , 124.0)",22.386918553337175
44,2012,208,2126,208,"(10 , 67)",1.4226363060630653,67.0,37.0,"(24.0 , 125.0)",25.69410712406819
45,1076,156,1172,156,"(47 , -11)",-0.2299044281319047,48.0,30.0,"(781.0 , 110.0)",17.904976890271012
46,1469,180,1534,180,"(13 , 52)",1.3258176636680326,53.0,37.0,"(1031.0 , 123.0)",21.42034775489681
47,1924,200,2016,200,"(15 , -59)",-1.3218336210021795,60.0,43.0,"(871.0 , 129.0)",26.0
48,1539,226,1670,226,"(44 , -59)",-0.9300126026173887,73.0,25.0,"(281.0 , 136.0)",15.839822922176054
49,1419,170,1489,170,"(15 , -56)",-1.3090828243936916,57.0,30.0,"(835.0 , 131.0)",22.82133134584557
50,1520,168,1572,168,"(44 , 24)",0.49934672168013006,50.0,40.0,"(1410.0 , 123.0)",26.379500648186692
51,1517,188,1698,188,"(18 , 49)",1.2187520124794793,52.0,49.0,"(1918.0 , 136.0)",20.69410712406819
52,1139,150,1187,150,"(41 , 14)",0.3290496948403394,43.0,35.0,"(698.0 , 129.0)",21.152217275728184
53,1318,184,1430,184,"(19 , 62)",1.273431181570973,64.0,29.0,"(1507.0 , 147.0)",17.75110621634893
54,1464,178,1557,178,"(45 , 24)",0.4899573262537283,51.0,38.0,"(1962.0 , 135.0)",21.778864464996474
55,1102,144,1133,144,"(34 , 27)",0.6711438354360088,43.0,34.0,"(1305.0 , 133.0)",22.07161172281588
56,1160,152,1227,152,"(30 , -34)",-0.8478169733934057,45.0,36.0,"(2015.0 , 138.0)",21.147700453647282
57,1539,184,1639,184,"(24 , -57)",-1.1722738811284763,61.0,33.0,"(63.0 , 151.0)",21.979175701071373
58,1149,156,1231,156,"(50 , -9)",-0.17809293823119754,50.0,28.0,"(1675.0 , 139.0)",19.71269847801409
59,2725,252,2902,252,"(62 , 31)",0.4636476090008061,69.0,53.0,"(145.0 , 158.0)",27.729615822903206
60,1352,162,1407,162,"(46 , 19)",0.3916999394374241,49.0,35.0,"(355.0 , 146.0)",23.522073153650354
61,957,148,1043,148,"(11 , 44)",1.3258176636680326,45.0,30.0,"(1889.0 , 152.0)",16.70221686981556
62,1343,162,1416,162,"(47 , -14)",-0.28950367196138826,49.0,35.0,"(1802.0 , 147.0)",23.259060350433334
63,1364,180,1469,180,"(34 , -47)",-0.9445348891961419,58.0,33.0,"(649.0 , 167.0)",19.290079735635118
64,1402,174,1468,174,"(54 , -15)",-0.27094685033842053,56.0,32.0,"(1001.0 , 159.0)",21.35841017451547
65,1257,172,1355,172,"(45 , 26)",0.523919347685199,51.0,31.0,"(1977.0 , 163.0)",18.668949878807123
66,1208,180,1358,180,"(33 , 51)",0.9964914966201949,60.0,28.0,"(405.0 , 173.0)",16.416788144087096
67,3134,280,3345,280,"(85 , 32)",0.3600593293510523,90.0,48.0,"(1405.0 , 176.0)",27.97619722109861
68,848,148,1000,148,"(12 , 38)",1.2649174553900444,39.0,38.0,"(1477.0 , 169.0)",14.174575578973347
69,1253,170,1302,170,"(48 , 33)",0.6022873461349642,58.0,29.0,"(779.0 , 168.0)",18.978733027321848
70,1208,152,1274,152,"(34 , 30)",0.722979353401491,45.0,38.0,"(1072.0 , 177.0)",22.637708504262783
71,1112,160,1178,160,"(27 , -44)",-1.0204103791181054,51.0,26.0,"(1555.0 , 181.0)",17.909277965625478
72,693,122,741,122,"(15 , 33)",1.1441688336680205,36.0,27.0,"(1604.0 , 180.0)",15.097078199250637
73,1522,186,1651,186,"(42 , 36)",0.7086262721276703,55.0,43.0,"(1231.0 , 188.0)",21.19683814224001
74,1626,198,1738,198,"(32 , -52)",-1.0191413442663497,61.0,37.0,"(988.0 , 193.0)",20.790245560088817
75,2058,230,2173,230,"(47 , 64)",0.9373704438257521,79.0,36.0,"(1680.0 , 201.0)",22.169418346140972
76,1523,198,1669,198,"(23 , 65)",1.2306992072851342,68.0,30.0,"(1638.0 , 201.0)",19.049220042829774
77,1963,242,2117,242,"(26 , 91)",1.2924966677897853,94.0,26.0,"(1931.0 , 218.0)",19.302305889770963
78,1191,160,1257,160,"(28 , 43)",0.9936041129214358,51.0,30.0,"(719.0 , 195.0)",19.776251583843315
79,1408,174,1505,174,"(30 , 50)",1.0303768265243125,58.0,36.0,"(1267.0 , 201.0)",21.494318915334613
80,2212,218,2427,218,"(29 , -56)",-1.0929652718027818,63.0,50.0,"(906.0 , 203.0)",26.963660373971273
81,1808,244,2046,244,"(63 , 54)",0.7086262721276703,82.0,27.0,"(1992.0 , 201.0)",17.262144542741922
82,1211,158,1281,158,"(17 , 41)",1.1777383076129642,44.0,36.0,"(1780.0 , 197.0)",20.811768408969243
83,1339,160,1388,160,"(27 , 38)",0.9530406012286641,46.0,39.0,"(29.0 , 199.0)",23.84450557859649
84,1454,180,1593,180,"(46 , 11)",0.2347226124851971,47.0,46.0,"(97.0 , 200.0)",21.104393709302958
85,1348,168,1387,168,"(49 , -19)",-0.36990606745655763,52.0,33.0,"(358.0 , 195.0)",21.603921945628862
86,1397,188,1518,188,"(32 , 57)",1.059240199624591,65.0,27.0,"(1112.0 , 208.0)",18.504386302449987
87,1022,142,1069,142,"(21 , -44)",-1.125495282907211,48.0,28.0,"(1036.0 , 209.0)",20.06465095956687
88,1075,148,1154,148,"(17 , 41)",1.1777383076129642,44.0,31.0,"(1069.0 , 215.0)",19.853571800517752
89,1540,190,1680,190,"(12 , -56)",-1.35970299357215,57.0,36.0,"(1147.0 , 223.0)",20.73715261785473
90,685,130,781,130,"(32 , -26)",-0.6823165548747481,41.0,22.0,"(498.0 , 214.0)",13.232151132002308
91,2355,248,2586,248,"(65 , -37)",-0.5174877409741085,74.0,49.0,"(975.0 , 228.0)",23.412437236850522
92,2054,229,2308,228,"(35 , -67)",-1.0893991027375929,75.0,40.0,"(188.0 , 236.0)",22.270541742331112
93,932,132,962,132,"(25 , -29)",-0.8593372010553886,38.0,32.0,"(1599.0 , 220.0)",20.470035913858332
94,1110,152,1192,152,"(13 , 39)",1.2490457723982544,41.0,38.0,"(447.0 , 224.0)",19.724333117502933
95,1691,192,1767,192,"(17 , -59)",-1.2902595350565746,61.0,36.0,"(1520.0 , 236.0)",23.241163193720105
96,2102,208,2212,208,"(43 , 50)",0.8605253193082104,65.0,47.0,"(1308.0 , 240.0)",27.464311707229406
97,1734,204,1850,204,"(39 , -57)",-0.9707461133931431,69.0,37.0,"(1854.0 , 243.0)",21.555136271329086
98,957,144,1031,144,"(45 , 14)",0.3016190462662397,47.0,25.0,"(1192.0 , 227.0)",17.588047360478033
99,1387,164,1426,164,"(15 , 48)",1.2679114584199251,50.0,36.0,"(262.0 , 238.0)",23.853571800517752
100,1580,178,1657,178,"(49 , -18)",-0.35204431431541733,52.0,40.0,"(1429.0 , 235.0)",24.493750976257445
101,1310,194,1473,194,"(38 , -51)",-0.9304398617240539,63.0,29.0,"(412.0 , 245.0)",16.216103085284146
102,1838,222,2164,216,"(35 , -63)",-1.0636978224025597,72.0,40.0,"(1766.0 , 257.0)",20.254432902845785
103,1527,180,1631,180,"(51 , 18)",0.3392926144540447,54.0,36.0,"(129.0 , 246.0)",22.684086395578603
104,1413,176,1513,176,"(17 , -50)",-1.2430578200143412,52.0,33.0,"(1359.0 , 253.0)",21.130806747941456
105,1867,218,2077,218,"(52 , -47)",-0.7349359893805925,70.0,36.0,"(888.0 , 254.0)",21.284792639515253
106,2090,268,2685,252,"(48 , 68)",0.9561333748727311,83.0,36.0,"(220.0 , 272.0)",18.020412414966174
107,1272,162,1363,162,"(42 , -31)",-0.6358384235237452,52.0,34.0,"(62.0 , 261.0)",21.310158937604513
108,967,144,1040,144,"(27 , 35)",0.9137213910832431,44.0,29.0,"(300.0 , 264.0)",17.861642852782946
109,877,142,916,142,"(40 , 27)",0.5937496667107711,48.0,22.0,"(468.0 , 260.0)",15.923228049548108
110,2012,220,2205,216,"(50 , -42)",-0.6986598247214632,65.0,46.0,"(1078.0 , 271.0)",23.172339074320902
111,1529,192,1724,188,"(26 , -54)",-1.1220729827841756,59.0,42.0,"(1678.0 , 272.0)",20.16117818584989
112,1247,176,1296,176,"(24 , -59)",-1.1844591119735823,63.0,26.0,"(1132.0 , 276.0)",17.751190503186624
113,907,132,948,134,"(26 , -30)",-0.8567056281827385,39.0,31.0,"(1487.0 , 268.0)",19.50926243676796
114,1229,162,1331,162,"(16 , -50)",-1.2610933822524404,52.0,29.0,"(1720.0 , 277.0)",20.220700209326754
115,1538,184,1628,184,"(38 , -43)",-0.8470483340367073,57.0,37.0,"(1174.0 , 276.0)",21.958369439657385
116,1548,182,1611,182,"(25 , 51)",1.1150225708181911,56.0,34.0,"(342.0 , 283.0)",22.64721023594712
117,1525,198,1592,198,"(52 , -42)",-0.6794138054078485,66.0,32.0,"(1247.0 , 282.0)",19.08207765148974
118,1655,188,1772,188,"(51 , -31)",-0.5461665634337877,59.0,37.0,"(971.0 , 279.0)",23.46279540812036
119,1113,152,1144,152,"(45 , -12)",-0.26060239174734096,46.0,32.0,"(542.0 , 276.0)",19.806594601339746
120,1627,176,1689,176,"(51 , 30)",0.5317240672588056,59.0,40.0,"(1598.0 , 282.0)",26.421604168753053
121,1657,212,1878,212,"(46 , 51)",0.8368989743486738,68.0,35.0,"(835.0 , 287.0)",19.058874503045722
122,1076,146,1122,146,"(43 , -11)",-0.25044308961135187,44.0,31.0,"(151.0 , 280.0)",20.49218940641788
123,1274,156,1311,156,"(29 , 40)",0.943488134519134,49.0,36.0,"(643.0 , 291.0)",23.28376635449829
124,1019,142,1055,142,"(30 , -25)",-0.6947382761967033,39.0,32.0,"(111.0 , 287.0)",19.967775432990933
125,2790,276,3140,270,"(44 , 75)",1.0402384397654492,86.0,48.0,"(1449.0 , 310.0)",24.604054239153776
126,780,138,900,138,"(21 , -41)",-1.0974402849599816,46.0,27.0,"(785.0 , 294.0)",14.245370899470906
127,1253,188,1320,188,"(46 , 47)",0.7961504371885496,65.0,27.0,"(1019.0 , 300.0)",16.080750332519386
128,1257,171,1402,170,"(41 , 24)",0.5295895987820763,47.0,35.0,"(1502.0 , 300.0)",18.863549866085165
129,1496,272,1844,272,"(58 , -74)",-0.906021831977551,94.0,24.0,"(696.0 , 317.0)",12.071474183561747
130,1000,158,1100,158,"(40 , -30)",-0.6435011087932844,50.0,29.0,"(1075.0 , 305.0)",15.830399242910751
131,1052,144,1073,144,"(35 , -22)",-0.5611634122883522,41.0,32.0,"(572.0 , 304.0)",20.379500648186692
132,2838,278,3217,274,"(29 , 73)",1.1926540114722952,78.0,46.0,"(870.0 , 324.0)",24.86537218705638
133,1124,178,1287,178,"(47 , -39)",-0.6926418432093046,61.0,29.0,"(1335.0 , 311.0)",15.238250223200936
134,1532,180,1680,178,"(33 , -42)",-0.9048270894157868,53.0,44.0,"(1388.0 , 311.0)",22.79639668882548
135,1206,152,1260,152,"(15 , -45)",-1.2490457723982544,47.0,33.0,"(490.0 , 318.0)",22.572751379458488
136,2606,314,3124,308,"(94 , 56)",0.5372847143007717,109.0,34.0,"(391.0 , 327.0)",18.865697790617183
137,1337,182,1464,176,"(57 , 8)",0.13944005709133772,57.0,30.0,"(1191.0 , 318.0)",18.42141067189799
138,1017,150,1083,150,"(36 , -29)",-0.6781193077490456,46.0,28.0,"(1051.0 , 323.0)",17.77058034305114
139,1287,196,1529,196,"(42 , -53)",-0.9006742893684003,67.0,29.0,"(628.0 , 339.0)",15.623361463442727
140,1660,194,1779,194,"(56 , -25)",-0.41987995720555177,61.0,40.0,"(671.0 , 333.0)",22.18935576615426
141,1385,182,1479,182,"(60 , -19)",-0.3066763194016827,62.0,31.0,"(1654.0 , 328.0)",19.322719774583152
142,1872,208,2068,208,"(50 , 47)",0.7544801838344056,68.0,39.0,"(903.0 , 341.0)",23.155589796288087
143,1052,150,1140,150,"(47 , -19)",-0.3841693643925995,50.0,29.0,"(2055.0 , 330.0)",18.67846977528129
144,2684,308,3587,304,"(88 , 51)",0.525243599654205,101.0,49.0,"(1493.0 , 348.0)",20.035098525495542
145,2058,260,2380,260,"(75 , 33)",0.41450687458478597,81.0,38.0,"(1300.0 , 348.0)",18.448952750770474
146,946,140,1007,140,"(38 , 19)",0.4636476090008061,42.0,30.0,"(234.0 , 338.0)",18.296706911509933
147,1484,196,1622,196,"(52 , 16)",0.2984989315861793,54.0,39.0,"(1239.0 , 348.0)",18.71799214054656
148,984,156,1079,156,"(10 , 51)",1.3771743339389513,51.0,28.0,"(1591.0 , 348.0)",15.826739547487065
149,2727,250,2956,250,"(70 , 21)",0.2914567944778671,73.0,56.0,"(1122.0 , 353.0)",28.15979033261445
150,985,140,1032,140,"(18 , 43)",1.1743550435764554,46.0,28.0,"(1553.0 , 348.0)",19.508066615170332
151,1864,200,1956,200,"(49 , -38)",-0.6596287426369206,62.0,40.0,"(985.0 , 352.0)",24.780959574163017
152,1618,200,1748,198,"(26 , -59)",-1.1557215931002232,64.0,35.0,"(1627.0 , 362.0)",20.301515190165006
153,1106,146,1133,146,"(38 , 30)",0.668289418830584,48.0,31.0,"(45.0 , 348.0)",21.458391043508676
154,1375,202,1592,202,"(60 , 29)",0.45022559626071507,66.0,30.0,"(413.0 , 356.0)",16.2180805671561
155,799,122,826,122,"(25 , 22)",0.7216548508647612,33.0,30.0,"(101.0 , 350.0)",19.043560762610397
156,1168,154,1257,154,"(18 , 41)",1.1571071135160333,44.0,38.0,"(542.0 , 358.0)",20.772902098764163
157,1310,172,1415,172,"(27 , -45)",-1.0303768265243125,52.0,39.0,"(1179.0 , 369.0)",19.7836264675122
158,1515,178,1611,178,"(35 , -44)",-0.8988331552046647,56.0,40.0,"(1392.0 , 366.0)",22.930345389877008
159,1703,208,1857,208,"(55 , 47)",0.7071270228761704,72.0,33.0,"(1690.0 , 371.0)",20.36141596088725
160,971,144,1028,144,"(35 , -29)",-0.6919213822388589,45.0,31.0,"(461.0 , 374.0)",17.972243622680054
161,2224,256,2647,254,"(76 , 24)",0.30587887140485215,79.0,37.0,"(699.0 , 384.0)",20.733384694432125
162,1697,186,1824,184,"(42 , -34)",-0.6805212246672144,54.0,47.0,"(1904.0 , 377.0)",24.930345389877008
163,965,140,1018,140,"(43 , -19)",-0.4160645057238227,47.0,29.0,"(134.0 , 374.0)",18.8754845034029
164,1186,160,1228,160,"(27 , 47)",1.049361887023153,54.0,28.0,"(2015.0 , 388.0)",19.653010050624196
165,2480,236,2768,234,"(46 , 48)",0.8066715494215095,66.0,63.0,"(1864.0 , 397.0)",27.36141596088725
166,813,124,862,124,"(29 , 24)",0.691336928769462,37.0,32.0,"(763.0 , 386.0)",18.834474939403563
167,2681,266,2896,266,"(72 , -44)",-0.5485494024505281,84.0,39.0,"(1078.0 , 399.0)",24.771712232587355
168,945,142,1030,142,"(14 , 46)",1.2753554896511767,48.0,24.0,"(241.0 , 395.0)",17.744719095435297
169,1069,142,1099,142,"(39 , -18)",-0.4324077755705379,42.0,33.0,"(84.0 , 388.0)",21.670683314060668
170,1897,260,2454,246,"(29 , -76)",-1.206270324387962,81.0,40.0,"(190.0 , 409.0)",16.750647672740726
171,768,120,800,120,"(35 , 11)",0.3045108832021125,36.0,26.0,"(872.0 , 386.0)",18.510874706923943
172,1760,202,1917,202,"(15 , -56)",-1.3090828243936916,57.0,41.0,"(929.0 , 402.0)",22.388614406258807
173,2180,268,2530,264,"(92 , 14)",0.1510153429213594,93.0,33.0,"(1563.0 , 392.0)",18.947944893064147
174,1284,178,1339,178,"(43 , 40)",0.7492693128846728,58.0,27.0,"(1727.0 , 396.0)",18.113450396082477
175,1781,186,1894,186,"(55 , -25)",-0.4266274931268761,60.0,40.0,"(1234.0 , 394.0)",26.974375810233365
176,2176,214,2280,214,"(10 , 61)",1.4083072175776932,61.0,47.0,"(1298.0 , 412.0)",27.303626205140528
177,1812,216,2155,210,"(50 , 44)",0.7216548508647612,66.0,40.0,"(392.0 , 404.0)",20.7735045483277
178,1685,194,1779,194,"(28 , -49)",-1.0516502125483738,56.0,45.0,"(1426.0 , 407.0)",22.66881729382102
179,747,126,807,126,"(39 , 12)",0.2984989315861793,40.0,24.0,"(299.0 , 396.0)",15.839540236634175
180,1264,154,1309,154,"(26 , -37)",-0.9582587701845933,45.0,38.0,"(815.0 , 406.0)",23.726713297305842
181,1307,192,1572,192,"(56 , 26)",0.4346702151492448,61.0,28.0,"(1151.0 , 406.0)",16.424693192306112
182,616,106,636,106,"(27 , 13)",0.4487233440107211,29.0,28.0,"(441.0 , 404.0)",17.212912189496645
183,1035,144,1106,144,"(30 , 35)",0.8621700546672264,46.0,35.0,"(617.0 , 419.0)",19.84450557859649
184,1841,230,1982,230,"(73 , -35)",-0.44707454088818865,80.0,29.0,"(1014.0 , 421.0)",19.221415909153592
185,630,110,653,110,"(27 , 16)",0.5349550737860964,31.0,27.0,"(356.0 , 414.0)",16.263897472877886
186,4290,332,4749,322,"(99 , -12)",-0.12062366858010272,99.0,63.0,"(112.0 , 434.0)",32.01961161387646
187,1659,210,1798,210,"(46 , -58)",-0.9002747688143474,74.0,34.0,"(872.0 , 431.0)",19.375235849896228
188,2118,215,2231,216,"(60 , 18)",0.2914567944778671,62.0,47.0,"(1173.0 , 435.0)",25.981987827718022
189,1752,194,1836,194,"(14 , -53)",-1.312544106983858,54.0,44.0,"(1663.0 , 438.0)",24.0
190,1739,190,1821,190,"(36 , 47)",0.9171604298753748,59.0,42.0,"(486.0 , 444.0)",24.75686916891168
191,1656,196,1810,194,"(48 , 38)",0.6696389456766376,61.0,41.0,"(705.0 , 440.0)",21.705311872087638
192,1845,216,1978,216,"(34 , -59)",-1.0480072414144943,68.0,37.0,"(654.0 , 453.0)",21.273863656092857
193,1863,202,1983,202,"(49 , 45)",0.7428706287776641,66.0,40.0,"(1226.0 , 448.0)",24.28454654216334
194,716,122,772,122,"(18 , -33)",-1.0714496051147666,37.0,27.0,"(319.0 , 445.0)",15.862718831695553
195,928,130,965,130,"(22 , 31)",0.9536049352545345,38.0,33.0,"(2041.0 , 447.0)",21.175248347093877
196,1381,166,1424,166,"(27 , 39)",0.9652516631899266,47.0,39.0,"(1583.0 , 453.0)",23.027046798088833
197,1542,174,1611,174,"(37 , 38)",0.798730706691594,53.0,40.0,"(571.0 , 458.0)",24.785032727787097
198,1069,144,1133,144,"(18 , -42)",-1.1659045405098132,45.0,33.0,"(614.0 , 457.0)",20.933480826680636
199,708,122,746,122,"(28 , 26)",0.7483780475235183,38.0,24.0,"(392.0 , 452.0)",15.591948484124426
200,1788,246,2092,246,"(68 , 46)",0.5947592574833528,82.0,34.0,"(417.0 , 466.0)",16.842973677146837
201,1747,204,1868,204,"(53 , 46)",0.7148085735785747,70.0,36.0,"(221.0 , 463.0)",21.776721607595086
202,919,140,1006,140,"(26 , -34)",-0.9179496956941223,42.0,35.0,"(998.0 , 461.0)",17.5071443154641
203,1383,168,1483,168,"(41 , -18)",-0.4136892132788633,44.0,44.0,"(784.0 , 464.0)",22.480778704056863
204,742,120,774,120,"(28 , 23)",0.6876712560387296,36.0,26.0,"(1983.0 , 459.0)",17.430194910023467
205,1304,174,1396,174,"(38 , 42)",0.8353565591193911,56.0,34.0,"(945.0 , 469.0)",19.246134328730193
206,1318,201,1564,204,"(29 , 65)",1.1511454646597927,71.0,24.0,"(1684.0 , 480.0)",15.507194989465802
207,1485,170,1553,170,"(51 , 16)",0.30400093934014455,53.0,36.0,"(1294.0 , 472.0)",24.57655167106508
208,1463,198,1732,198,"(15 , -57)",-1.313472611823808,58.0,41.0,"(289.0 , 486.0)",18.07946531327005
209,1895,208,2054,208,"(50 , 39)",0.6624262938331512,63.0,41.0,"(1063.0 , 489.0)",23.557074693344216
210,1044,160,1158,160,"(41 , 30)",0.6316906343389692,50.0,32.0,"(1717.0 , 488.0)",16.42034775489681
211,1331,166,1407,166,"(16 , 46)",1.236059489478082,48.0,37.0,"(1573.0 , 497.0)",21.71995955514752
212,2418,220,2487,220,"(33 , -56)",-1.0382922284930458,65.0,50.0,"(1789.0 , 510.0)",30.36263001049016
213,1809,216,2075,216,"(32 , -59)",-1.0738277219158432,67.0,38.0,"(1365.0 , 510.0)",20.72839048077175
214,1489,176,1586,176,"(40 , 36)",0.7328151017865066,53.0,40.0,"(2042.0 , 507.0)",22.857625488134026
215,1708,210,1935,196,"(21 , 61)",1.2392421649189584,64.0,34.0,"(238.0 , 515.0)",20.123310854875847
216,1784,198,1883,198,"(42 , -45)",-0.8198672643969563,61.0,39.0,"(696.0 , 513.0)",23.688181001719386
217,905,130,943,130,"(35 , -14)",-0.3805063771123649,37.0,32.0,"(995.0 , 503.0)",20.201626123751154
218,2632,288,3112,272,"(8 , -90)",-1.482140444927459,90.0,44.0,"(1246.0 , 533.0)",21.482676238739643
219,1719,180,1774,180,"(29 , 42)",0.9664908199286669,51.0,45.0,"(172.0 , 512.0)",27.5071443154641
220,1501,182,1551,182,"(53 , -27)",-0.47116626431311,59.0,34.0,"(597.0 , 508.0)",21.6410394191197
221,1638,238,1932,238,"(43 , -74)",-1.0444039625684765,85.0,29.0,"(918.0 , 523.0)",15.885208930914274
222,1088,160,1123,160,"(49 , 28)",0.5191461142465229,56.0,28.0,"(417.0 , 507.0)",17.372583002030478
223,1298,168,1390,168,"(32 , -42)",-0.9197196053504169,52.0,34.0,"(651.0 , 514.0)",20.412966855077098
224,2804,288,3426,282,"(80 , -8)",-0.09966865249116204,80.0,58.0,"(1450.0 , 522.0)",23.214756329398128
225,2344,306,3360,300,"(75 , 49)",0.578714944913199,89.0,39.0,"(1630.0 , 526.0)",17.26951798271434
226,1301,158,1346,158,"(19 , -43)",-1.154731821071074,47.0,38.0,"(1209.0 , 516.0)",23.398757811895383
227,1861,204,1985,204,"(59 , -28)",-0.44310255496740586,65.0,39.0,"(337.0 , 516.0)",23.797058982529112
228,1396,170,1484,170,"(21 , -42)",-1.1071487177940904,46.0,38.0,"(863.0 , 520.0)",22.245370899470906
229,1553,180,1656,180,"(12 , -46)",-1.3156139361740782,47.0,44.0,"(1159.0 , 520.0)",23.27443901759957
230,1111,148,1151,148,"(27 , 39)",0.9652516631899266,47.0,32.0,"(1533.0 , 517.0)",20.93762159579099
231,1092,152,1150,152,"(15 , -45)",-1.2490457723982544,47.0,30.0,"(1990.0 , 519.0)",19.23833696070628
232,1769,209,1945,210,"(55 , 33)",0.5404195002705842,64.0,42.0,"(1316.0 , 530.0)",21.248991951873563
233,1689,208,1851,208,"(49 , -49)",-0.7853981633974483,69.0,36.0,"(501.0 , 530.0)",20.14093535585202
234,1574,190,1640,190,"(37 , -43)",-0.8602580111082151,56.0,35.0,"(570.0 , 533.0)",21.380084226782046
235,1641,182,1702,182,"(22 , 54)",1.1839206090638685,58.0,38.0,"(1715.0 , 538.0)",24.78165064489934
236,3192,324,3838,320,"(62 , 80)",0.9114862584620387,101.0,46.0,"(1869.0 , 549.0)",22.956912556274197
237,950,142,1028,142,"(21 , -39)",-1.0768549578753155,44.0,27.0,"(1958.0 , 533.0)",17.886085046191464
238,850,130,891,130,"(10 , -35)",-1.2924966677897853,36.0,32.0,"(986.0 , 541.0)",18.13859338365493
239,1023,140,1063,140,"(34 , -26)",-0.6528466311007742,42.0,33.0,"(202.0 , 549.0)",20.787329596448103
240,419,88,435,88,"(20 , 23)",0.8550527371260165,30.0,22.0,"(1478.0 , 543.0)",13.93774225170145
241,1531,188,1680,188,"(47 , 16)",0.32811989501530536,49.0,44.0,"(629.0 , 556.0)",20.961566867416927
242,1207,158,1285,158,"(39 , 21)",0.4939413689195812,44.0,39.0,"(726.0 , 555.0)",20.7050538707875
243,1749,228,1947,228,"(18 , -81)",-1.3521273809209546,82.0,27.0,"(329.0 , 576.0)",18.27016653792583
244,2253,240,2568,234,"(13 , -75)",-1.3991682584140166,76.0,43.0,"(1655.0 , 576.0)",23.298501392994865
245,963,134,991,134,"(23 , -29)",-0.9002747688143474,37.0,35.0,"(680.0 , 562.0)",20.88057053587604
246,2379,252,2656,252,"(81 , -23)",-0.27666833908189503,84.0,40.0,"(1308.0 , 568.0)",23.12519592524623
247,2288,232,2451,232,"(74 , 26)",0.33787818824027843,78.0,44.0,"(1436.0 , 574.0)",25.197561066286546
248,4105,324,4567,322,"(99 , -34)",-0.33081375034235044,104.0,60.0,"(1035.0 , 586.0)",31.441953226544534
249,1729,210,1928,210,"(57 , 38)",0.5880026035475675,68.0,38.0,"(1768.0 , 583.0)",20.449258978925307
250,2225,228,2365,228,"(43 , 53)",0.8891905038544912,68.0,51.0,"(497.0 , 599.0)",25.0
251,2757,312,3177,308,"(91 , -49)",-0.4939413689195812,103.0,38.0,"(842.0 , 603.0)",20.319847434321048
252,1270,158,1345,158,"(43 , 20)",0.4353532751523024,47.0,33.0,"(1898.0 , 589.0)",22.46327496259918
253,1782,208,1943,208,"(37 , 53)",0.9613377888499761,64.0,41.0,"(713.0 , 600.0)",21.635547098622048
254,1074,150,1140,150,"(31 , 25)",0.6786624907483126,39.0,35.0,"(655.0 , 597.0)",19.272273866441815
255,1448,184,1599,182,"(43 , -27)",-0.5606869949828056,50.0,49.0,"(1329.0 , 601.0)",20.15430403335983
256,1826,210,1971,210,"(17 , -69)",-1.3292306196995707,71.0,36.0,"(1712.0 , 615.0)",22.0
257,1284,172,1365,172,"(43 , 32)",0.6397697828266257,53.0,31.0,"(588.0 , 601.0)",19.230271351990574
258,2238,264,2650,258,"(40 , 70)",1.0516502125483738,80.0,39.0,"(1145.0 , 618.0)",19.978266003984594
259,1884,204,2037,202,"(43 , 57)",0.9244941048795197,71.0,42.0,"(1599.0 , 611.0)",24.22314432200823
260,1450,176,1541,176,"(48 , -31)",-0.573440526154829,57.0,34.0,"(1384.0 , 605.0)",21.954592314951398
261,1675,192,1790,192,"(40 , 43)",0.8215270139102239,58.0,37.0,"(1541.0 , 612.0)",22.920127592031093
262,1833,250,2051,250,"(90 , -22)",-0.23974310887045658,92.0,32.0,"(984.0 , 611.0)",16.96704490152215
263,2225,248,2642,224,"(37 , -57)",-0.9950380092716609,67.0,57.0,"(1230.0 , 626.0)",21.76320092253858
264,1470,178,1564,178,"(27 , -48)",-1.0584068664841588,55.0,34.0,"(1825.0 , 619.0)",21.911286003846964
265,1716,196,1886,194,"(13 , -58)",-1.3503025654282248,59.0,38.0,"(1284.0 , 626.0)",22.8274953433952
266,2079,222,2225,222,"(56 , 36)",0.5713374798336268,66.0,42.0,"(1464.0 , 624.0)",23.85746533540652
267,280,72,307,72,"(21 , -11)",-0.4825132950224769,23.0,16.0,"(918.0 , 606.0)",11.3667504192892
268,2533,238,2684,238,"(46 , -52)",-0.8465463260467495,69.0,47.0,"(1779.0 , 636.0)",27.762797854883303
269,2451,276,2913,276,"(36 , 75)",1.1232763516377267,83.0,52.0,"(1086.0 , 641.0)",20.937540637208336
270,1609,200,1791,196,"(21 , 61)",1.2392421649189584,64.0,33.0,"(1183.0 , 640.0)",20.1503768868014
271,921,146,970,146,"(15 , 52)",1.2899586021736937,54.0,21.0,"(1967.0 , 636.0)",16.220700209326754
272,1728,186,1789,186,"(51 , -12)",-0.23109066719589708,52.0,41.0,"(1912.0 , 632.0)",25.661334015825293
273,1442,166,1492,166,"(47 , -14)",-0.28950367196138826,49.0,35.0,"(415.0 , 630.0)",24.759330957216793
274,1718,212,1891,212,"(48 , 51)",0.8156919233162234,70.0,39.0,"(584.0 , 647.0)",19.969710870172513
275,1193,152,1234,152,"(20 , -46)",-1.1606689862534056,50.0,30.0,"(59.0 , 644.0)",22.15702048224514
276,1204,152,1247,152,"(25 , -39)",-1.0007558630951863,46.0,34.0,"(798.0 , 644.0)",22.508066615170332
277,2084,284,3095,278,"(81 , 22)",0.2652071174518248,83.0,46.0,"(1640.0 , 650.0)",16.621695502709905
278,823,128,870,128,"(20 , -33)",-1.025932411343353,38.0,32.0,"(1999.0 , 641.0)",17.822553121242173
279,1529,178,1588,178,"(33 , -42)",-0.9048270894157868,53.0,38.0,"(852.0 , 650.0)",23.257354213752
280,1221,160,1288,160,"(37 , 26)",0.6125375566103034,45.0,36.0,"(672.0 , 645.0)",20.532077666068215
281,854,128,879,128,"(36 , -15)",-0.39479111969976155,39.0,30.0,"(152.0 , 643.0)",18.961595189594703
282,1850,200,1959,200,"(56 , 11)",0.1939591472598931,57.0,45.0,"(1386.0 , 648.0)",24.504902432036076
283,876,128,928,128,"(28 , -26)",-0.7483780475235183,38.0,32.0,"(624.0 , 653.0)",19.834474939403563
284,1181,154,1258,154,"(42 , 24)",0.5191461142465229,48.0,37.0,"(2055.0 , 663.0)",21.143445042290217
285,1442,180,1525,180,"(15 , 53)",1.2949904282063742,55.0,35.0,"(1748.0 , 675.0)",20.854607064700726
286,1669,197,1811,196,"(58 , 11)",0.1874291124436737,59.0,40.0,"(1130.0 , 673.0)",21.74431876866163
287,1095,150,1144,150,"(40 , -16)",-0.3805063771123649,43.0,36.0,"(1884.0 , 667.0)",19.85772123562265
288,1354,174,1479,174,"(54 , 12)",0.21866894587394195,55.0,32.0,"(1684.0 , 669.0)",20.299784483759638
289,1345,164,1421,164,"(47 , 10)",0.20963984587421253,48.0,36.0,"(1234.0 , 673.0)",22.66969722017664
290,1970,200,2095,200,"(17 , -53)",-1.2604089196625452,55.0,49.0,"(1333.0 , 683.0)",26.978271133557325
291,1360,184,1599,184,"(44 , 34)",0.65788860518221,55.0,36.0,"(1420.0 , 680.0)",18.50454583026496
292,3198,342,4290,308,"(55 , 65)",0.8685393952858895,85.0,66.0,"(172.0 , 701.0)",21.37317254065971
293,1975,206,2130,206,"(48 , -32)",-0.5880026035475675,57.0,51.0,"(1588.0 , 687.0)",25.47597264065379
294,1039,142,1091,142,"(39 , 19)",0.4533386958545628,43.0,33.0,"(1927.0 , 677.0)",20.625525219356483
295,1197,176,1417,174,"(48 , -4)",-0.08314123188844122,48.0,39.0,"(139.0 , 680.0)",16.815445561863626
296,2086,212,2210,208,"(25 , 61)",1.1818394466158897,65.0,44.0,"(1023.0 , 699.0)",26.111340680502497
297,1523,178,1597,178,"(44 , 37)",0.6991925897216695,57.0,36.0,"(719.0 , 691.0)",23.116595219656904
298,1429,178,1493,178,"(49 , -31)",-0.564083721049657,57.0,33.0,"(908.0 , 690.0)",21.02128623625221
299,986,140,1043,140,"(31 , -31)",-0.7853981633974483,43.0,31.0,"(1525.0 , 687.0)",19.540375166259693
300,1807,222,2022,222,"(62 , -40)",-0.5729661428887062,73.0,33.0,"(2005.0 , 689.0)",19.81737117307639
301,1502,184,1643,184,"(56 , -9)",-0.1593516409039169,56.0,36.0,"(632.0 , 688.0)",21.220976613272267
302,1413,180,1506,180,"(50 , -26)",-0.4795192919925962,56.0,34.0,"(1467.0 , 692.0)",20.26136624629404
303,1041,144,1083,144,"(35 , -28)",-0.6747409422235527,44.0,30.0,"(1867.0 , 693.0)",20.031280577328687
304,867,147,974,148,"(20 , -44)",-1.1441688336680205,48.0,25.0,"(116.0 , 703.0)",14.7599454298085
305,1193,160,1302,160,"(26 , 37)",0.9582587701845933,45.0,36.0,"(1708.0 , 703.0)",19.825758998167984
306,2089,200,2193,200,"(39 , 41)",0.8103929570163685,56.0,54.0,"(1795.0 , 708.0)",29.726865067286706
307,1729,198,1871,188,"(34 , -44)",-0.9129077216126866,55.0,47.0,"(1965.0 , 711.0)",22.64390199600843
308,1413,174,1497,174,"(49 , -27)",-0.5036262961240962,55.0,33.0,"(397.0 , 708.0)",21.608220721010365
309,869,132,932,132,"(13 , -38)",-1.241171919374154,40.0,27.0,"(1277.0 , 713.0)",18.167603025808674
310,1664,178,1724,178,"(14 , -48)",-1.2870022175865687,50.0,42.0,"(51.0 , 720.0)",26.716580756221262
311,1079,156,1169,156,"(41 , -27)",-0.5823529461439831,49.0,30.0,"(1234.0 , 714.0)",17.97620395837136
312,1512,180,1593,180,"(28 , -52)",-1.0768549578753155,59.0,35.0,"(290.0 , 725.0)",22.35049669418775
313,1490,186,1584,186,"(37 , -49)",-0.9240379005316064,61.0,34.0,"(1398.0 , 727.0)",20.572215675071654
314,861,128,884,128,"(30 , 20)",0.5880026035475675,36.0,31.0,"(1631.0 , 716.0)",19.232854665196296
315,1056,158,1152,158,"(8 , -50)",-1.412141064608495,50.0,28.0,"(1740.0 , 726.0)",17.04448842711438
316,1004,148,1105,148,"(9 , 44)",1.3690339824746096,44.0,31.0,"(1671.0 , 725.0)",17.8950268254572
317,1716,190,1865,190,"(51 , -12)",-0.23109066719589708,52.0,46.0,"(2006.0 , 727.0)",24.256721401661082
318,1239,166,1324,166,"(45 , 27)",0.5404195002705842,52.0,30.0,"(1093.0 , 725.0)",19.517052063019392
319,1309,164,1399,164,"(16 , 47)",1.2426764317795913,49.0,36.0,"(649.0 , 732.0)",21.71269847801409
320,1385,164,1442,164,"(37 , 27)",0.6304014214735073,45.0,42.0,"(1458.0 , 729.0)",23.795349465914747
321,2466,304,3192,278,"(88 , -34)",-0.3686959026580498,94.0,51.0,"(779.0 , 738.0)",18.467400545429896
322,793,124,834,124,"(17 , 32)",1.082462375738491,36.0,28.0,"(881.0 , 731.0)",18.03851860318428
323,1250,156,1290,156,"(28 , -38)",-0.9357695914045828,47.0,34.0,"(1184.0 , 736.0)",22.53792236684567
324,1493,228,1676,228,"(51 , 56)",0.8320931674407788,75.0,30.0,"(452.0 , 750.0)",15.095346320486072
325,1526,176,1589,176,"(39 , 40)",0.7980557152315002,55.0,37.0,"(584.0 , 744.0)",23.751543268683413
326,1041,154,1106,154,"(41 , 27)",0.5823529461439831,49.0,29.0,"(917.0 , 743.0)",17.494048462399995
327,1098,150,1157,150,"(17 , 38)",1.1501329776618616,41.0,35.0,"(1507.0 , 749.0)",19.94295013392056
328,2379,246,2640,246,"(44 , 62)",0.9536049352545345,76.0,45.0,"(964.0 , 768.0)",24.040021356119276
329,1245,172,1400,170,"(11 , -47)",-1.3408918986629919,48.0,39.0,"(1705.0 , 756.0)",18.423588545110984
330,1762,223,1924,224,"(46 , -55)",-0.8742723382105562,71.0,35.0,"(1775.0 , 766.0)",19.061275574094978
331,1114,158,1198,158,"(30 , -40)",-0.9272952180016122,50.0,31.0,"(726.0 , 767.0)",18.37536982572239
332,1794,198,1942,198,"(57 , 30)",0.4844779290370232,64.0,39.0,"(1097.0 , 766.0)",23.882623085101002
333,918,132,953,132,"(15 , 38)",1.194835372923591,40.0,29.0,"(1647.0 , 763.0)",19.92330316937798
334,1940,222,2187,218,"(70 , 16)",0.22471116841464267,71.0,39.0,"(2001.0 , 766.0)",21.73241199019391
335,1136,166,1279,166,"(22 , 46)",1.124690777851493,50.0,35.0,"(1606.0 , 770.0)",17.287399974393498
336,2032,214,2139,214,"(27 , -64)",-1.171575557219644,69.0,39.0,"(1281.0 , 781.0)",24.68594093155218
337,1538,170,1577,170,"(46 , 29)",0.5624979310690725,54.0,38.0,"(56.0 , 770.0)",26.1216606458408
338,963,138,998,138,"(38 , -27)",-0.6177557255662326,46.0,30.0,"(1466.0 , 767.0)",19.425186568318665
339,1456,198,1593,192,"(17 , 69)",1.3292306196995707,71.0,26.0,"(693.0 , 789.0)",17.968269949144876
340,546,116,645,116,"(40 , 9)",0.2213144423477913,41.0,19.0,"(792.0 , 766.0)",11.824435962682333
341,682,108,701,108,"(19 , -25)",-0.9209258773829491,31.0,31.0,"(396.0 , 772.0)",20.144345399598954
342,1733,184,1835,184,"(33 , -50)",-0.9874233198010407,59.0,44.0,"(1840.0 , 785.0)",26.429614209219075
343,920,130,953,130,"(28 , 25)",0.7288547264526309,37.0,35.0,"(482.0 , 777.0)",20.82738247007125
344,1878,188,1942,188,"(40 , -41)",-0.7977432152416728,57.0,45.0,"(1033.0 , 784.0)",28.806594601339746
345,1122,154,1222,154,"(36 , 23)",0.56852454773104,42.0,36.0,"(605.0 , 782.0)",19.519747103897693
346,914,136,941,136,"(27 , -30)",-0.83798122500839,40.0,30.0,"(904.0 , 779.0)",18.443650813895957
347,1376,180,1522,176,"(10 , -56)",-1.39408747072486,56.0,33.0,"(661.0 , 793.0)",19.524521594286007
348,1033,146,1105,146,"(35 , -30)",-0.7086262721276703,46.0,32.0,"(844.0 , 783.0)",19.201156107993807
349,836,126,872,126,"(22 , 32)",0.9685089806599324,38.0,30.0,"(159.0 , 786.0)",19.0
350,1093,154,1214,154,"(36 , 29)",0.6781193077490456,46.0,35.0,"(220.0 , 790.0)",18.77058034305114
351,1607,178,1707,178,"(46 , 26)",0.5144513130590277,52.0,39.0,"(1546.0 , 789.0)",25.180320913638344
352,1257,166,1383,166,"(43 , -20)",-0.4353532751523024,47.0,39.0,"(1229.0 , 796.0)",19.930345389877008
353,995,138,1043,138,"(35 , 22)",0.5611634122883522,41.0,34.0,"(1435.0 , 794.0)",20.52681138751788
354,1325,171,1446,172,"(50 , -12)",-0.23554498072086333,51.0,36.0,"(1764.0 , 797.0)",20.33209421020777
355,1577,182,1685,178,"(55 , 23)",0.3960814415643074,59.0,35.0,"(779.0 , 798.0)",23.29076768548719
356,1348,164,1395,164,"(52 , 15)",0.2808377246212028,54.0,32.0,"(419.0 , 803.0)",22.75171240910534
357,1432,186,1507,186,"(44 , 41)",0.750118689803857,60.0,32.0,"(983.0 , 809.0)",19.47686176625668
358,1791,186,1850,186,"(43 , 26)",0.5438324563021223,50.0,46.0,"(1624.0 , 812.0)",27.232151132002308
359,1399,170,1477,170,"(20 , 46)",1.1606689862534056,50.0,40.0,"(311.0 , 815.0)",22.319563929389435
360,988,142,1019,142,"(29 , 39)",0.9314104211087237,48.0,28.0,"(526.0 , 814.0)",19.0
361,2353,312,2717,312,"(59 , -87)",-0.9748783212785956,105.0,30.0,"(947.0 , 840.0)",16.91808778369819
362,1051,152,1143,152,"(37 , -25)",-0.5942137038004338,44.0,33.0,"(1487.0 , 816.0)",18.17577239840099
363,2146,248,2427,240,"(19 , 80)",1.3376165261480801,82.0,41.0,"(263.0 , 836.0)",20.793204443926967
364,1312,164,1396,166,"(46 , -28)",-0.5467888408892474,53.0,36.0,"(577.0 , 815.0)",21.790627287701454
365,934,138,964,138,"(44 , 17)",0.3686959026580498,47.0,27.0,"(96.0 , 810.0)",18.49218940641788
366,375,94,436,94,"(19 , 22)",0.8584387287005677,29.0,20.0,"(1676.0 , 812.0)",10.186473044305652
367,769,132,820,132,"(17 , 41)",1.1777383076129642,44.0,23.0,"(878.0 , 821.0)",15.111456180001682
368,2712,246,2961,240,"(22 , -65)",-1.244437510088134,68.0,56.0,"(1978.0 , 831.0)",28.785324394088818
369,1281,158,1357,158,"(33 , 32)",0.7700147616168531,45.0,39.0,"(1162.0 , 836.0)",22.789225032931597
370,965,144,1003,144,"(30 , -37)",-0.8894981015070477,47.0,27.0,"(784.0 , 838.0)",17.806594601339746
371,1329,166,1445,166,"(33 , -30)",-0.7378150601204649,44.0,42.0,"(1884.0 , 842.0)",21.66946798494806
372,792,136,890,136,"(41 , 15)",0.3507279482482035,43.0,26.0,"(127.0 , 835.0)",14.921215971661088
373,1857,198,2008,198,"(56 , -33)",-0.5325040983018507,65.0,40.0,"(1222.0 , 845.0)",25.1432760823628
374,1723,194,1856,194,"(11 , -57)",-1.3801574208808012,58.0,41.0,"(1795.0 , 852.0)",23.415144010778135
375,1323,166,1484,164,"(42 , 24)",0.5191461142465229,48.0,38.0,"(1581.0 , 843.0)",21.518758797311914
376,1389,170,1540,170,"(25 , -44)",-1.0541011880326194,50.0,38.0,"(1022.0 , 849.0)",22.073301784184505
377,2323,236,2528,234,"(29 , -65)",-1.1511454646597927,71.0,52.0,"(1531.0 , 861.0)",24.97060094565289
378,1256,174,1446,174,"(49 , 20)",0.38752380578027884,52.0,36.0,"(453.0 , 847.0)",18.27600348874112
379,1953,240,2204,240,"(13 , 84)",1.4172525442553405,85.0,36.0,"(594.0 , 868.0)",19.41675222459395
380,1011,142,1049,142,"(29 , -35)",-0.8788749445560378,45.0,32.0,"(1472.0 , 849.0)",19.712346596153054
381,1106,146,1179,146,"(36 , 25)",0.6069876640464079,43.0,37.0,"(1100.0 , 852.0)",21.458391043508676
382,495,96,533,96,"(20 , 24)",0.8760580505981934,31.0,24.0,"(1714.0 , 845.0)",15.0
383,909,130,949,130,"(37 , -20)",-0.49555167348582857,42.0,30.0,"(645.0 , 848.0)",20.365338900488403
384,1653,186,1750,186,"(29 , 47)",1.0179551052023572,55.0,40.0,"(719.0 , 864.0)",23.933431807206485
385,2121,214,2231,214,"(59 , -12)",-0.20065287731988662,60.0,48.0,"(1323.0 , 867.0)",26.274093219876036
386,1310,162,1390,162,"(39 , 23)",0.5328438876193887,45.0,41.0,"(197.0 , 864.0)",22.327218154613753
387,855,130,902,130,"(39 , 14)",0.3446473156180262,41.0,27.0,"(1622.0 , 856.0)",18.31373904088889
388,1169,156,1241,156,"(42 , 16)",0.36397895650964407,44.0,38.0,"(1151.0 , 876.0)",20.23833696070628
389,1836,282,2229,282,"(67 , 63)",0.7546386373269791,91.0,24.0,"(462.0 , 894.0)",14.51562718043543
390,835,122,876,122,"(19 , 31)",1.0209431441183117,36.0,33.0,"(552.0 , 876.0)",20.74038935202843
391,2283,280,2553,280,"(25 , 98)",1.3210215373736482,101.0,28.0,"(1177.0 , 916.0)",18.84337775028535
392,884,132,937,132,"(42 , -10)",-0.23374318086890142,43.0,25.0,"(1834.0 , 881.0)",18.682178936723645
393,1986,222,2136,222,"(39 , -61)",-1.0019484683735376,72.0,38.0,"(1575.0 , 901.0)",22.420550185953815
394,778,128,876,128,"(26 , 26)",0.7853981633974483,36.0,29.0,"(330.0 , 888.0)",16.315612858641877
395,516,100,568,100,"(22 , 23)",0.8076167287241673,31.0,24.0,"(2018.0 , 882.0)",14.55969349108945
396,1065,144,1103,144,"(19 , -44)",-1.1631648213372698,47.0,28.0,"(137.0 , 895.0)",20.801315846429336
397,955,142,1018,142,"(29 , -31)",-0.8187191592756955,42.0,31.0,"(1605.0 , 888.0)",18.028594790343853
398,1144,152,1184,152,"(26 , 44)",1.0370881351556351,51.0,33.0,"(1637.0 , 898.0)",20.679491924311225
399,1976,204,2082,202,"(52 , 34)",0.5790742693677309,62.0,48.0,"(1241.0 , 906.0)",26.0
400,1325,158,1398,158,"(34 , -35)",-0.7998899024629483,48.0,43.0,"(1088.0 , 900.0)",24.162138349822033
401,693,112,716,112,"(25 , -26)",-0.805003494254653,36.0,27.0,"(38.0 , 899.0)",18.460607985830542
402,719,116,746,116,"(23 , -27)",-0.8652281491096857,35.0,28.0,"(1502.0 , 905.0)",17.95463898281274
403,953,134,994,134,"(14 , -41)",-1.2417466319545571,43.0,28.0,"(402.0 , 912.0)",20.490388168742314
404,1399,168,1469,168,"(29 , -36)",-0.8926770190458511,46.0,40.0,"(1761.0 , 913.0)",22.8950268254572
405,1247,154,1294,154,"(35 , -29)",-0.6919213822388589,45.0,41.0,"(103.0 , 915.0)",23.162138349822033
406,1149,166,1259,166,"(47 , -27)",-0.5214344397717438,54.0,33.0,"(988.0 , 912.0)",17.557360212374242
407,1362,200,1549,200,"(28 , 57)",1.1141908549024027,63.0,30.0,"(807.0 , 927.0)",16.265744413134
408,1473,188,1598,188,"(12 , -62)",-1.379611867197882,63.0,31.0,"(1137.0 , 928.0)",19.870680067498927
409,677,118,741,118,"(34 , -12)",-0.3392926144540447,36.0,23.0,"(1867.0 , 909.0)",15.598561225542156
410,1425,172,1492,172,"(15 , -47)",-1.2618655828711551,49.0,39.0,"(1930.0 , 927.0)",22.408739718026
411,2200,230,2406,230,"(65 , 29)",0.4196508621351039,71.0,43.0,"(1319.0 , 929.0)",24.23966326087482
412,1137,154,1220,154,"(23 , 35)",0.9894161429899969,41.0,38.0,"(522.0 , 925.0)",19.919095823937955
413,1059,148,1104,148,"(33 , 34)",0.8003224283875333,47.0,30.0,"(1692.0 , 928.0)",19.39318313834099
414,1502,198,1803,196,"(46 , -32)",-0.6078019961139605,56.0,39.0,"(476.0 , 941.0)",18.706331819674357
415,1556,174,1632,174,"(47 , 17)",0.3470616035394905,49.0,42.0,"(576.0 , 941.0)",25.16287917910775
416,2847,292,3356,282,"(92 , 7)",0.07594063626589467,92.0,49.0,"(975.0 , 953.0)",23.1803251716754
417,1762,204,1882,204,"(35 , -53)",-0.9871605077177353,63.0,39.0,"(1061.0 , 954.0)",22.034503284079523
418,1726,196,1936,196,"(27 , -51)",-1.0838970949836275,57.0,46.0,"(69.0 , 958.0)",23.01923788646684
419,803,134,846,134,"(47 , -15)",-0.30893074392374165,49.0,20.0,"(2006.0 , 946.0)",15.632431614794363
420,1457,176,1619,174,"(49 , -21)",-0.4048917862850834,53.0,39.0,"(1235.0 , 956.0)",22.11393137176071
421,1372,158,1435,158,"(26 , -41)",-1.0056468867881372,48.0,38.0,"(1424.0 , 959.0)",25.779577265987754
422,1806,200,1963,200,"(22 , -56)",-1.1964627107873127,60.0,42.0,"(1480.0 , 966.0)",23.656120255361017
423,1749,236,2212,218,"(21 , -72)",-1.2870022175865687,75.0,38.0,"(1519.0 , 974.0)",17.382695906630374
424,2624,276,3090,276,"(25 , -82)",-1.2748702883306882,85.0,46.0,"(1369.0 , 982.0)",22.77230267469512
425,1929,206,2107,206,"(57 , -29)",-0.47064050200613944,63.0,40.0,"(1635.0 , 967.0)",24.606692282279592
426,1223,154,1297,154,"(22 , -40)",-1.0679531158670357,45.0,37.0,"(1853.0 , 967.0)",22.398757811895383
427,1197,168,1301,168,"(43 , -9)",-0.2063238940297175,43.0,40.0,"(435.0 , 970.0)",18.188238200418684
428,1326,188,1435,180,"(36 , -48)",-0.9272952180016122,60.0,32.0,"(645.0 , 972.0)",17.284684083792747
429,929,163,1118,164,"(42 , 17)",0.38460471482221353,45.0,31.0,"(612.0 , 973.0)",13.702587924165464
430,1220,172,1386,172,"(41 , -36)",-0.7205541358442416,54.0,32.0,"(844.0 , 984.0)",17.920127592031093
431,888,126,915,126,"(34 , -16)",-0.4398425828157362,37.0,32.0,"(1972.0 , 981.0)",21.289711071668933
432,1343,170,1404,170,"(47 , 19)",0.3841693643925995,50.0,37.0,"(1753.0 , 985.0)",20.976756749969116
433,783,132,846,132,"(34 , 19)",0.5095922648089258,38.0,29.0,"(458.0 , 990.0)",15.5071443154641
434,2104,220,2289,218,"(24 , 69)",1.236059489478082,73.0,41.0,"(118.0 , 1009.0)",24.652018189012963
435,1180,156,1275,156,"(41 , -11)",-0.26211984126547283,42.0,38.0,"(739.0 , 993.0)",20.533814687380612
436,1026,144,1056,144,"(44 , 11)",0.24497866312686414,45.0,29.0,"(1301.0 , 988.0)",19.568323274845017
437,829,122,858,122,"(21 , 32)",0.9900399732272261,38.0,30.0,"(2023.0 , 993.0)",20.437694101250948
438,1629,196,1698,196,"(27 , -52)",-1.0918827282473107,58.0,36.0,"(636.0 , 1005.0)",21.215112021100392
439,1555,178,1632,178,"(47 , -21)",-0.42019671360927524,51.0,41.0,"(159.0 , 1003.0)",23.87840937269872
440,944,142,1029,142,"(19 , -40)",-1.1273479903751584,44.0,28.0,"(806.0 , 1004.0)",17.716580756221262
441,1152,158,1234,158,"(7 , 42)",1.4056476493802699,42.0,38.0,"(1241.0 , 1008.0)",19.29480264882325
442,981,144,1057,144,"(34 , 36)",0.8139618212362083,49.0,30.0,"(963.0 , 1006.0)",18.25176065070115
443,1994,222,2199,222,"(61 , 14)",0.225601243836024,62.0,49.0,"(1562.0 , 1013.0)",22.541693004646007
444,2450,282,3097,260,"(64 , -49)",-0.6534263411807619,80.0,55.0,"(1503.0 , 1028.0)",20.297908410107055
445,831,126,866,126,"(20 , -36)",-1.0636978224025597,41.0,27.0,"(2059.0 , 1014.0)",18.801574900799707
446,2379,234,2477,234,"(42 , -62)",-0.9753864513161641,74.0,41.0,"(69.0 , 1029.0)",26.200619200981578
447,1465,192,1635,192,"(56 , 24)",0.4048917862850834,60.0,35.0,"(1813.0 , 1017.0)",19.034503284079523
448,1033,154,1105,154,"(30 , -42)",-0.9505468408120751,51.0,27.0,"(1208.0 , 1021.0)",17.304481605773358
449,1642,210,1768,210,"(59 , 41)",0.6073052251662507,71.0,34.0,"(1611.0 , 1028.0)",19.119616539050966
450,2222,206,2352,206,"(31 , 52)",1.03320968013615,60.0,55.0,"(1327.0 , 1032.0)",30.75753148730846
451,1498,168,1555,168,"(17 , 44)",1.2021004241368467,47.0,41.0,"(1034.0 , 1029.0)",25.69049356969991
452,2260,240,2625,240,"(55 , -46)",-0.6965239885843404,71.0,46.0,"(1144.0 , 1034.0)",23.39398956455375
453,2490,232,2631,232,"(51 , 47)",0.7446044805295828,69.0,54.0,"(1271.0 , 1040.0)",28.436509001811036
454,811,130,872,130,"(37 , 10)",0.2639637236257046,38.0,26.0,"(1695.0 , 1031.0)",16.839540236634175
455,1388,183,1569,184,"(43 , -39)",-0.7366563120875167,58.0,35.0,"(878.0 , 1047.0)",19.196986988290764
456,549,100,575,100,"(18 , 26)",0.9652516631899266,31.0,23.0,"(619.0 , 1040.0)",16.282202112918654
457,2348,234,2612,234,"(57 , -48)",-0.6998928697192437,74.0,51.0,"(1099.0 , 1057.0)",25.72424676685523
458,1563,186,1659,186,"(53 , -29)",-0.5006677248747361,60.0,32.0,"(1965.0 , 1050.0)",22.020416670212704
459,1055,148,1124,148,"(43 , -18)",-0.39644128321844135,46.0,32.0,"(984.0 , 1049.0)",19.27995485333065
460,653,108,658,108,"(28 , -11)",-0.3743336160075839,30.0,28.0,"(1380.0 , 1046.0)",18.282202112918654
461,754,124,783,124,"(7 , 37)",1.3838170568759856,37.0,26.0,"(593.0 , 1053.0)",16.61250543006184
462,883,140,960,140,"(40 , 23)",0.5218342798144103,46.0,29.0,"(764.0 , 1050.0)",16.50675799109307
463,2556,250,2862,248,"(72 , -27)",-0.3587706702705722,76.0,55.0,"(837.0 , 1061.0)",25.754251946653746
464,1541,220,1696,220,"(65 , 35)",0.4939413689195812,73.0,29.0,"(1813.0 , 1062.0)",16.477279431483552
465,723,116,757,116,"(16 , -31)",-1.09432890732119,34.0,28.0,"(919.0 , 1059.0)",18.137219508799785
466,840,124,866,124,"(32 , 20)",0.5585993153435624,37.0,31.0,"(519.0 , 1059.0)",20.0
467,1297,187,1400,187,"(34 , 40)",0.866302262552679,52.0,43.0,"(792.0 , 1071.0)",16.941234510634292
468,1804,198,2006,196,"(53 , -34)",-0.5703832816499418,62.0,47.0,"(1509.0 , 1069.0)",24.07855236222768
469,665,110,684,110,"(25 , -18)",-0.6240230529767569,30.0,29.0,"(562.0 , 1062.0)",17.9475134127286
470,2090,226,2223,226,"(22 , 73)",1.2780832515708995,76.0,36.0,"(643.0 , 1086.0)",23.299849397931943
471,1277,160,1375,160,"(17 , -43)",-1.1943059923483736,46.0,39.0,"(1205.0 , 1074.0)",22.02779924438857
472,1416,176,1488,176,"(57 , -17)",-0.28984648991161976,59.0,32.0,"(1714.0 , 1075.0)",21.19649149801724
473,1516,186,1653,186,"(32 , 47)",0.9730379352018146,56.0,34.0,"(1837.0 , 1090.0)",21.07855236222768
474,2222,234,2449,220,"(64 , 19)",0.2885873618940774,66.0,48.0,"(1368.0 , 1087.0)",23.855375597359988
475,1595,190,1704,190,"(42 , -50)",-0.8721365020734334,65.0,38.0,"(1564.0 , 1094.0)",21.78521825875242
476,1271,154,1330,154,"(27 , 37)",0.9403949053213894,45.0,40.0,"(1610.0 , 1090.0)",23.965558146251368
477,1123,152,1204,152,"(13 , -44)",-1.2835148733977624,45.0,32.0,"(1049.0 , 1093.0)",20.083527132831083
478,1520,194,1677,194,"(14 , -61)",-1.3451950829588726,62.0,34.0,"(255.0 , 1102.0)",19.651256526496688
479,1814,226,1996,226,"(68 , -28)",-0.3906070436976868,73.0,34.0,"(972.0 , 1094.0)",19.37521043830686
480,1108,158,1186,158,"(37 , -37)",-0.7853981633974483,52.0,30.0,"(1268.0 , 1092.0)",18.233829681863263
481,680,116,710,116,"(29 , -17)",-0.5302157727766299,33.0,28.0,"(918.0 , 1094.0)",16.311422459550478
482,1541,174,1632,174,"(42 , 31)",0.6358384235237452,52.0,42.0,"(1147.0 , 1100.0)",24.758335186008686
483,1682,190,1790,190,"(45 , 29)",0.5724598138180512,53.0,47.0,"(1662.0 , 1106.0)",23.53648606735648
484,1455,178,1508,178,"(57 , 18)",0.30587887140485215,59.0,32.0,"(707.0 , 1098.0)",21.58166672726832
485,1597,194,1716,194,"(53 , 28)",0.4860319293400963,59.0,33.0,"(871.0 , 1102.0)",21.01818783267741
486,1671,178,1751,178,"(32 , 48)",0.982793723247329,57.0,43.0,"(1090.0 , 1109.0)",26.914494604931026
487,2812,246,3059,244,"(45 , 52)",0.8574382287842761,68.0,55.0,"(1452.0 , 1122.0)",30.351163745654958
488,1082,150,1172,150,"(38 , 29)",0.6518691143055769,47.0,37.0,"(1519.0 , 1108.0)",19.493056894630893
489,1077,154,1133,154,"(47 , -21)",-0.42019671360927524,51.0,30.0,"(1901.0 , 1113.0)",18.369177860802605
490,719,118,740,118,"(37 , -11)",-0.28897540999256643,38.0,23.0,"(2024.0 , 1113.0)",17.201626123751154
491,968,143,1037,142,"(41 , 9)",0.21608497229678642,41.0,29.0,"(911.0 , 1123.0)",18.141408347059667
492,1192,148,1227,148,"(21 , 39)",1.0768549578753155,44.0,36.0,"(1198.0 , 1130.0)",23.69586530434993
493,968,138,1021,138,"(13 , 38)",1.241171919374154,40.0,32.0,"(207.0 , 1134.0)",19.591948484124426
494,1509,184,1618,184,"(15 , -54)",-1.299849476456476,56.0,36.0,"(421.0 , 1141.0)",21.36263001049016
495,1195,164,1270,164,"(50 , 7)",0.13909594148207133,50.0,32.0,"(1250.0 , 1133.0)",18.954592314951398
496,2096,232,2345,232,"(59 , -19)",-0.3115468269026879,61.0,50.0,"(1366.0 , 1143.0)",22.391012370470285
497,828,131,903,132,"(15 , -35)",-1.1659045405098132,38.0,34.0,"(1503.0 , 1137.0)",17.111505826966585
498,1402,166,1456,166,"(48 , 12)",0.24497866312686414,49.0,36.0,"(1558.0 , 1137.0)",23.60446983182672
499,1829,192,1891,192,"(55 , -11)",-0.19739555984988078,56.0,42.0,"(1826.0 , 1141.0)",26.20550528229663
500,1922,238,2099,238,"(53 , -59)",-0.8389184318567634,79.0,31.0,"(972.0 , 1155.0)",19.27252182897864
501,2662,238,2833,238,"(35 , -58)",-1.0278451863633038,67.0,56.0,"(1636.0 , 1154.0)",29.864716974525113
502,1987,218,2196,218,"(19 , -59)",-1.2592494998922086,61.0,45.0,"(1027.0 , 1153.0)",23.14318255944969
503,1239,156,1329,156,"(30 , -31)",-0.8017901377054536,43.0,39.0,"(784.0 , 1146.0)",22.207144376253336
504,1950,224,2184,224,"(59 , -42)",-0.6186443509247471,72.0,41.0,"(1152.0 , 1150.0)",21.561649284554875
505,1371,196,1526,192,"(68 , 14)",0.2030452172534651,69.0,28.0,"(2032.0 , 1145.0)",16.906386928237573
506,981,148,1101,148,"(32 , 35)",0.8301443948520639,47.0,30.0,"(1729.0 , 1153.0)",17.302284396407792
507,1029,148,1089,148,"(26 , 33)",0.9034901918165422,42.0,37.0,"(905.0 , 1151.0)",18.560911085414226
508,1006,148,1131,148,"(10 , -44)",-1.3473197256542635,45.0,28.0,"(1102.0 , 1159.0)",17.94744111674235
509,1500,170,1535,170,"(14 , -49)",-1.2924966677897853,50.0,37.0,"(562.0 , 1162.0)",25.0
510,1316,180,1498,180,"(29 , 50)",1.0452125332432864,57.0,37.0,"(1059.0 , 1175.0)",18.372946088611304
511,1227,180,1346,180,"(37 , 40)",0.8243395064944876,54.0,29.0,"(1485.0 , 1172.0)",16.75110621634893
512,1951,210,2118,210,"(64 , 12)",0.18534794999569476,65.0,42.0,"(110.0 , 1172.0)",24.123072752674577
513,1414,176,1490,176,"(49 , -32)",-0.5785242144177052,58.0,33.0,"(719.0 , 1171.0)",21.152680682408274
514,1046,144,1094,144,"(16 , -37)",-1.1626472230398073,40.0,36.0,"(236.0 , 1173.0)",20.188611699158102
515,1430,184,1524,182,"(30 , -54)",-1.0636978224025597,61.0,31.0,"(875.0 , 1183.0)",19.80839829258241
516,1962,204,2165,204,"(55 , -25)",-0.4266274931268761,60.0,48.0,"(1282.0 , 1176.0)",25.721550680470923
517,1059,154,1141,154,"(43 , 28)",0.5771922138734609,51.0,32.0,"(180.0 , 1173.0)",17.926959388559016
518,1345,158,1371,158,"(14 , -43)",-1.2560386654035878,45.0,37.0,"(506.0 , 1178.0)",24.82859924887879
519,2720,252,3008,252,"(61 , 40)",0.5803981873938742,72.0,59.0,"(1377.0 , 1189.0)",27.658805905855417
520,1170,148,1203,148,"(36 , -21)",-0.5280744484263598,41.0,36.0,"(1894.0 , 1173.0)",22.893264020334115
521,2111,280,2596,270,"(49 , 78)",1.0098955195425248,92.0,38.0,"(1503.0 , 1202.0)",17.189016293956428
522,2029,202,2099,202,"(41 , -46)",-0.842806278034248,61.0,45.0,"(1585.0 , 1188.0)",27.669099886338252
523,1522,180,1652,180,"(12 , -47)",-1.3208177053340742,48.0,42.0,"(937.0 , 1189.0)",22.572338507994196
524,1904,262,2244,242,"(84 , 24)",0.27829965900511133,87.0,34.0,"(1169.0 , 1182.0)",16.650742073190095
525,2013,246,2253,246,"(78 , -41)",-0.4839493878600246,88.0,34.0,"(679.0 , 1196.0)",19.43754643390379
526,2459,218,2540,218,"(54 , -27)",-0.4636476090008061,60.0,56.0,"(2050.0 , 1199.0)",31.889161890809973
527,1049,154,1160,154,"(23 , 39)",1.037952439175508,45.0,31.0,"(330.0 , 1196.0)",17.68534170350135
528,1356,228,1743,220,"(34 , -68)",-1.1071487177940904,76.0,28.0,"(1554.0 , 1212.0)",13.491380164385816
529,2300,266,2600,266,"(47 , 73)",0.9987668055492562,86.0,38.0,"(1763.0 , 1217.0)",20.432115307950163
530,905,130,947,130,"(33 , 17)",0.4756952188549921,37.0,31.0,"(1971.0 , 1196.0)",20.201626123751154
531,1908,226,2196,226,"(42 , -56)",-0.9272952180016122,70.0,35.0,"(1668.0 , 1221.0)",20.663566025621357
532,1554,182,1651,182,"(49 , 15)",0.2970642123410428,51.0,40.0,"(112.0 , 1212.0)",22.778864464996474
533,1930,206,2092,206,"(46 , 38)",0.690446457054692,59.0,49.0,"(1449.0 , 1224.0)",24.625290699246623
534,1119,148,1187,148,"(38 , -23)",-0.5442804849459799,44.0,35.0,"(834.0 , 1214.0)",21.188611699158102
535,2507,296,3489,284,"(30 , -82)",-1.220068378546693,87.0,44.0,"(1408.0 , 1248.0)",19.51146909669889
536,1538,172,1596,172,"(46 , -20)",-0.41012734054149097,50.0,40.0,"(1092.0 , 1222.0)",25.364807911451603
537,1320,154,1355,154,"(30 , 34)",0.8478169733934057,45.0,42.0,"(1867.0 , 1223.0)",25.762260797143004
538,1392,200,1462,200,"(24 , 74)",1.2571756745781983,77.0,24.0,"(991.0 , 1242.0)",16.713366045813522
539,2764,264,2995,264,"(13 , -85)",-1.4190311714671935,85.0,42.0,"(1347.0 , 1249.0)",26.100125313479992
540,863,132,911,132,"(23 , 32)",0.9475969968608307,39.0,28.0,"(189.0 , 1226.0)",17.96670362162709
541,804,118,836,118,"(22 , 30)",0.9380474917927134,37.0,33.0,"(880.0 , 1225.0)",21.360589701950147
542,1189,154,1241,154,"(13 , -44)",-1.2835148733977624,45.0,34.0,"(1030.0 , 1233.0)",21.375456210456292
543,2582,228,2696,228,"(28 , 64)",1.1583858851975093,69.0,52.0,"(1181.0 , 1250.0)",31.173656859710086
544,1776,194,1860,194,"(11 , -61)",-1.3923858274438563,61.0,36.0,"(1620.0 , 1251.0)",24.494792231684393
545,1131,146,1189,146,"(32 , 30)",0.7531512809621944,43.0,40.0,"(1931.0 , 1243.0)",22.31373904088889
546,2161,248,2488,248,"(32 , 75)",1.1675148450760604,81.0,34.0,"(922.0 , 1263.0)",20.97561700646797
547,1811,198,1965,198,"(54 , 27)",0.4636476090008061,60.0,40.0,"(573.0 , 1253.0)",24.216606240458937
548,1620,202,1797,200,"(65 , 11)",0.1676424378312157,65.0,33.0,"(689.0 , 1253.0)",20.0
549,1111,164,1250,164,"(46 , 8)",0.17219081452293902,46.0,36.0,"(1526.0 , 1256.0)",17.125327227373354
550,888,158,981,158,"(33 , -44)",-0.9272952180016122,55.0,23.0,"(1819.0 , 1258.0)",13.572215675071654
551,1631,182,1678,182,"(23 , -51)",-1.1471274049173805,55.0,40.0,"(1998.0 , 1264.0)",24.541708084865313
552,1629,204,1762,204,"(59 , -32)",-0.4969686048790533,67.0,34.0,"(139.0 , 1261.0)",19.823085463760208
553,580,116,649,116,"(20 , -32)",-1.0121970114513341,37.0,23.0,"(1486.0 , 1260.0)",12.84450557859649
554,2218,210,2285,210,"(55 , 26)",0.4415923623072912,60.0,48.0,"(443.0 , 1269.0)",29.299784483759638
555,1122,152,1193,152,"(13 , 50)",1.3164282682416306,51.0,25.0,"(955.0 , 1272.0)",20.055641555073638
556,970,144,1004,144,"(38 , -28)",-0.6350267353903137,47.0,27.0,"(1867.0 , 1265.0)",17.94452991473221
557,2249,236,2525,234,"(55 , -52)",-0.7573681234376018,75.0,47.0,"(1291.0 , 1286.0)",23.90014245043151
558,968,144,1094,144,"(14 , 38)",1.2178059389679863,40.0,37.0,"(860.0 , 1274.0)",17.889229723725165
559,2422,230,2549,230,"(28 , 56)",1.1071487177940904,62.0,51.0,"(1688.0 , 1286.0)",27.763658597601488
560,1298,168,1376,168,"(57 , -13)",-0.22423475110909613,58.0,28.0,"(1070.0 , 1274.0)",20.412966855077098
561,1711,214,1812,214,"(67 , 36)",0.4930508972048112,76.0,33.0,"(340.0 , 1281.0)",19.569924845352908
562,1268,164,1360,164,"(19 , 46)",1.1790963873574725,49.0,32.0,"(1009.0 , 1290.0)",20.677598567098425
563,1865,204,2041,204,"(17 , 59)",1.2902595350565746,61.0,40.0,"(485.0 , 1298.0)",23.870680067498927
564,1359,183,1515,184,"(49 , 28)",0.5191461142465229,56.0,36.0,"(818.0 , 1293.0)",18.656412197717334
565,1860,212,2080,210,"(23 , -62)",-1.215565464748215,66.0,46.0,"(531.0 , 1309.0)",22.194156398501274
566,2153,236,2383,236,"(62 , 39)",0.5614936632670988,73.0,43.0,"(691.0 , 1306.0)",22.558265683422803
567,248,78,279,78,"(21 , -18)",-0.7086262721276703,27.0,11.0,"(1458.0 , 1292.0)",8.0
568,839,130,884,130,"(27 , -33)",-0.8850668158886104,42.0,28.0,"(1813.0 , 1301.0)",17.760597027016324
569,1271,170,1366,170,"(27 , -51)",-1.0838970949836275,57.0,33.0,"(1940.0 , 1310.0)",19.36452939748145
570,1536,184,1632,184,"(54 , -7)",-0.12891077168399143,54.0,38.0,"(590.0 , 1307.0)",21.91681084241541
571,1654,214,1995,214,"(50 , 44)",0.7216548508647612,66.0,35.0,"(825.0 , 1318.0)",18.740109321230598
572,790,124,835,124,"(27 , 28)",0.8035779784704266,38.0,29.0,"(1904.0 , 1306.0)",17.92330316937798
573,1000,140,1040,140,"(31 , 34)",0.8315192794119595,46.0,30.0,"(1866.0 , 1310.0)",20.0
574,1822,206,1971,206,"(36 , 52)",0.9652516631899266,63.0,41.0,"(1530.0 , 1323.0)",22.68594093155218
575,1008,142,1091,142,"(17 , -37)",-1.1401038154083887,40.0,34.0,"(1976.0 , 1323.0)",19.61761982573141
576,2048,274,2290,274,"(79 , -55)",-0.6081727784477289,96.0,30.0,"(1757.0 , 1334.0)",17.077728560476835
577,869,134,902,134,"(46 , -9)",-0.19321148384780604,46.0,22.0,"(1644.0 , 1319.0)",17.58616953716045
578,2913,366,3626,348,"(121 , -53)",-0.41284390494258444,132.0,42.0,"(1236.0 , 1340.0)",17.613262353789096
579,1547,170,1604,170,"(42 , 35)",0.6947382761967033,54.0,41.0,"(327.0 , 1339.0)",26.398757811895383
580,925,134,954,134,"(26 , -31)",-0.8728935041998396,40.0,29.0,"(745.0 , 1335.0)",19.45542809481186
581,1940,198,2015,198,"(19 , -52)",-1.2204821145594944,55.0,47.0,"(404.0 , 1348.0)",26.911286003846964
582,1292,188,1456,188,"(42 , -38)",-0.7354397676755056,56.0,32.0,"(458.0 , 1343.0)",16.71799214054656
583,1230,166,1326,166,"(12 , -51)",-1.3397056595989996,52.0,32.0,"(651.0 , 1349.0)",19.31329226766621
584,1809,216,1936,216,"(12 , 77)",1.4161957813636958,77.0,32.0,"(1358.0 , 1366.0)",20.72839048077175
585,1313,184,1403,184,"(39 , 47)",0.878154483585592,61.0,29.0,"(596.0 , 1359.0)",17.662745369390493
586,1150,154,1213,154,"(46 , -23)",-0.4636476090008061,51.0,30.0,"(1911.0 , 1350.0)",20.272273866441815
587,1120,148,1166,148,"(46 , 14)",0.29544083714372,48.0,29.0,"(1620.0 , 1353.0)",21.2202661619405
588,1270,172,1340,172,"(57 , 19)",0.3217505543966422,60.0,26.0,"(547.0 , 1356.0)",18.93758116896807
589,1475,178,1528,178,"(31 , 43)",0.946160904023283,53.0,39.0,"(874.0 , 1370.0)",22.022233207010977
590,1284,180,1431,180,"(34 , -50)",-0.973619668702219,60.0,31.0,"(1185.0 , 1373.0)",17.7786848223676
591,2596,266,2777,266,"(81 , 42)",0.4783524313786575,91.0,42.0,"(1439.0 , 1375.0)",23.765353634316803
592,1413,172,1479,172,"(41 , -38)",-0.747441718209134,55.0,37.0,"(186.0 , 1371.0)",22.1193869821789
593,1623,194,1725,194,"(24 , 54)",1.1525719972156676,59.0,37.0,"(694.0 , 1386.0)",21.495370767218446
594,1870,204,2090,204,"(47 , -39)",-0.6926418432093046,61.0,53.0,"(816.0 , 1385.0)",23.96298833080845
595,2118,210,2198,210,"(54 , 24)",0.41822432957922906,59.0,47.0,"(1823.0 , 1389.0)",27.23638980668044
596,1010,150,1110,150,"(34 , 32)",0.7551044034786732,46.0,33.0,"(103.0 , 1379.0)",17.59397076260562
597,1881,200,2012,200,"(39 , -42)",-0.8224182792713783,57.0,48.0,"(443.0 , 1393.0)",25.120289390750543
598,1341,174,1482,172,"(45 , 25)",0.507098504392337,51.0,40.0,"(1262.0 , 1391.0)",20.02128623625221
599,1445,170,1491,170,"(51 , -11)",-0.21243202050874216,52.0,35.0,"(302.0 , 1397.0)",23.49342219125179
600,1333,174,1516,174,"(17 , 46)",1.2167988899630005,49.0,40.0,"(620.0 , 1401.0)",19.851532819229064
601,1760,196,1894,196,"(35 , 44)",0.8988331552046647,56.0,40.0,"(1078.0 , 1404.0)",23.682022197655673
602,2290,210,2387,210,"(39 , 44)",0.8455664145524581,58.0,53.0,"(1897.0 , 1408.0)",30.907177118310816
603,1287,166,1334,166,"(15 , -49)",-1.2737321144538538,51.0,33.0,"(1967.0 , 1413.0)",20.637353954974934
604,1262,164,1355,164,"(27 , -44)",-1.0204103791181054,51.0,37.0,"(522.0 , 1412.0)",20.53051050954128
605,1257,164,1334,164,"(53 , -13)",-0.2405342479459046,54.0,29.0,"(251.0 , 1409.0)",20.408739718026
606,892,136,988,136,"(35 , -16)",-0.4287780274460164,38.0,33.0,"(1564.0 , 1410.0)",17.75192319072808
607,2534,254,2768,254,"(70 , -14)",-0.19739555984988078,71.0,55.0,"(195.0 , 1431.0)",24.79276553407619
608,1542,178,1668,178,"(35 , -40)",-0.851966327173272,53.0,42.0,"(1422.0 , 1428.0)",23.56557858454168
609,1034,146,1092,146,"(26 , -33)",-0.9034901918165422,42.0,31.0,"(1384.0 , 1427.0)",19.230083960829457
610,1072,150,1134,150,"(20 , -44)",-1.1441688336680205,48.0,31.0,"(487.0 , 1431.0)",19.217494701217777
611,1403,180,1562,170,"(17 , 53)",1.2604089196625452,55.0,33.0,"(726.0 , 1440.0)",20.060072173320147
612,953,136,995,136,"(40 , 16)",0.3805063771123649,43.0,28.0,"(1298.0 , 1431.0)",19.752193151224994
613,831,124,863,124,"(17 , -31)",-1.069192272605776,35.0,31.0,"(2054.0 , 1433.0)",19.59824574900862
614,902,140,934,140,"(27 , 38)",0.9530406012286641,46.0,27.0,"(644.0 , 1436.0)",17.02779924438857
615,910,142,1007,142,"(23 , -38)",-1.0265158418489166,44.0,27.0,"(452.0 , 1441.0)",16.785032727787097
616,1794,190,1858,190,"(26 , 50)",1.0912770348023004,56.0,42.0,"(1764.0 , 1450.0)",26.0
617,2393,262,2816,262,"(79 , -13)",-0.16309529221024077,80.0,43.0,"(858.0 , 1449.0)",21.942566650455632
618,2045,242,2304,242,"(50 , 64)",0.9075933340888034,81.0,35.0,"(767.0 , 1463.0)",20.309827071782834
619,902,130,924,130,"(35 , 10)",0.27829965900511133,36.0,30.0,"(287.0 , 1444.0)",20.08025765162578
620,1618,198,1713,198,"(53 , 37)",0.6094585379449204,64.0,35.0,"(977.0 , 1452.0)",20.651256526496688
621,1184,158,1231,158,"(51 , -20)",-0.37372681996555346,54.0,27.0,"(1852.0 , 1446.0)",20.102835258729176
622,2550,254,2846,254,"(67 , -19)",-0.27632727497506515,69.0,58.0,"(116.0 , 1459.0)",25.0
623,1450,210,1576,210,"(32 , 67)",1.1252190398203148,74.0,29.0,"(539.0 , 1467.0)",16.357919262997598
624,744,116,763,116,"(13 , 34)",1.2055948770067237,36.0,26.0,"(579.0 , 1457.0)",19.151142198203896
625,1025,140,1082,140,"(14 , 36)",1.1999050379822342,38.0,35.0,"(681.0 , 1458.0)",20.85786437626905
626,993,140,1039,140,"(21 , -35)",-1.0303768265243125,40.0,32.0,"(412.0 , 1462.0)",19.768453788272183
627,1127,148,1188,148,"(41 , -25)",-0.5475622359399975,48.0,34.0,"(1491.0 , 1460.0)",21.443650813895957
628,1422,174,1509,174,"(39 , -33)",-0.702256931509007,51.0,36.0,"(1418.0 , 1470.0)",21.81475155779856
629,1329,162,1386,162,"(44 , 25)",0.5166951387622772,50.0,37.0,"(45.0 , 1473.0)",22.85772123562265
630,843,126,880,126,"(30 , -27)",-0.7328151017865066,40.0,30.0,"(1291.0 , 1470.0)",19.283208277129383
631,2920,270,3370,270,"(77 , -23)",-0.2902648999290442,80.0,61.0,"(1936.0 , 1489.0)",27.049412859638245
632,1488,174,1605,174,"(44 , 27)",0.5503859476767912,51.0,38.0,"(1610.0 , 1481.0)",23.3940307371169
633,1016,144,1076,144,"(30 , 28)",0.7509290623979403,41.0,34.0,"(470.0 , 1483.0)",19.26679946931849
634,721,114,744,114,"(15 , -28)",-1.0789871508061981,31.0,29.0,"(1254.0 , 1480.0)",18.9475134127286
635,1555,176,1642,176,"(49 , 14)",0.27829965900511133,50.0,40.0,"(350.0 , 1487.0)",24.480778704056863
636,1264,176,1443,176,"(30 , -46)",-0.992894389832651,54.0,30.0,"(1399.0 , 1496.0)",18.07703720636856
637,1587,200,1806,200,"(27 , 50)",1.0756630633264925,56.0,41.0,"(172.0 , 1494.0)",19.784110140523744
638,2079,206,2190,206,"(50 , 31)",0.5549957273385867,58.0,49.0,"(1034.0 , 1507.0)",27.557360212374242
639,1571,176,1657,176,"(23 , 43)",1.0796327285086362,48.0,49.0,"(1083.0 , 1504.0)",24.8950268254572
640,2123,220,2300,220,"(63 , 19)",0.2929123975255233,65.0,43.0,"(1829.0 , 1505.0)",24.966685164637585
641,998,132,1021,132,"(26 , 32)",0.8884797719201486,41.0,35.0,"(428.0 , 1504.0)",23.460607985830542
642,1088,148,1133,148,"(10 , 40)",1.3258176636680326,41.0,36.0,"(582.0 , 1507.0)",20.23694538575979
643,1740,218,2096,218,"(35 , -51)",-0.9693416199346234,61.0,41.0,"(386.0 , 1519.0)",19.42508018540883
644,1274,164,1360,164,"(43 , -24)",-0.5090708884223831,49.0,34.0,"(836.0 , 1510.0)",20.825758998167984
645,1072,146,1109,146,"(35 , -31)",-0.7248661436153412,46.0,30.0,"(499.0 , 1514.0)",20.367734195098322
646,1265,174,1444,174,"(36 , 40)",0.83798122500839,53.0,34.0,"(1690.0 , 1518.0)",18.45504042726361
647,1265,152,1310,152,"(40 , -21)",-0.483447001567199,45.0,36.0,"(1290.0 , 1518.0)",24.620911839740348
648,1088,144,1133,144,"(38 , 21)",0.5048613716591264,43.0,32.0,"(144.0 , 1519.0)",21.57779489814404
649,1129,142,1183,142,"(25 , -36)",-0.9638086627484886,43.0,37.0,"(1468.0 , 1523.0)",24.043560762610397
