Cell id,Compactness,Rectangularity,Eccentricity,Roundness,Solidity,Curl,Sphericity
1,0.6981317007977318,0.7455731593662628,0.7837837837837838,0.6981317007977318,0.9580838323353293,1.85,0.5632573863241662
2,0.6251769380643688,0.6759510869565217,0.71875,0.6251769380643688,0.9678988326848249,2.334333413669063,0.4925046859114388
3,0.611342666029762,0.7567921440261866,0.7230769230769231,0.611342666029762,0.9641367806505421,2.2535315352018923,0.6269075692928593
4,0.5137131216319247,0.7720286885245902,0.5245901639344263,0.5137131216319247,0.9166666666666666,3.085668542830895,0.4084497453443517
5,0.55037017553971,0.6027272727272728,0.88,0.55037017553971,0.8983739837398373,2.537556865331131,0.5138823474533141
6,0.3965346099196734,0.6470588235294118,0.40476190476190477,0.40317105721069013,0.8745858968291529,4.68502407783939,0.22744902159317754
7,0.5713509839328638,0.7307142857142858,0.56,0.5713509839328638,0.9445983379501385,2.7896760484091834,0.4574174999174925
8,0.6461642641348001,0.6553544494720965,0.8717948717948718,0.6461642641348001,0.9394594594594594,2.072696611222965,0.5193356752317952
9,0.5691268722511458,0.7,0.6060606060606061,0.5691268722511458,0.9675392670157068,2.75,0.48012981816311745
10,0.5170861957303331,0.6206739526411658,0.5901639344262295,0.528640837881838,0.8920157068062827,3.2265183491787295,0.2634155559226539
11,0.6140831890063798,0.7656058751529988,0.8837209302325582,0.6140831890063798,0.9470098410295231,2.017031409086798,0.6324555320336759
12,0.5437292081123832,0.7135076252723311,0.6296296296296297,0.5437292081123832,0.9128919860627178,2.7877956330515077,0.4553208464047432
13,0.5292020918651059,0.7114955357142857,0.5714285714285714,0.5292020918651059,0.938880706921944,3.00179837165972,0.39929598068046374
14,0.5659116706003686,0.7772657450076805,0.6774193548387096,0.5659116706003686,0.9409576940957695,2.4817721294659663,0.4712881677050212
15,0.6685620729746873,0.7433841218925421,0.6744186046511628,0.6685620729746873,0.9646201873048907,2.121144173288444,0.5143845251256262
16,0.5292549352112434,0.6472332015810277,0.6376811594202898,0.5292549352112434,0.9348239771646052,2.9790543839313384,0.3922322702763681
17,0.6224414016041001,0.7710976282404853,0.7551020408163265,0.6224414016041001,0.9549180327868853,2.1426503555191276,0.6075079011201667
18,0.5203305585347588,0.7153605015673982,0.5272727272727272,0.5203305585347588,0.9540133779264214,3.1625784221179063,0.3922322702763681
19,0.6175993492774221,0.715007215007215,0.7857142857142857,0.6175993492774221,0.9510556621880998,2.1999709802418983,0.5738915714977677
20,0.6026148600297134,0.72265625,0.6875,0.6026148600297134,0.9667458432304038,2.4010069070501325,0.5039264913791424
21,0.5231713480263819,0.7712665406427222,0.5,0.5231713480263819,0.9433526011560693,3.113103464636284,0.3709230278877947
22,0.49747493096330564,0.773678963110668,0.576271186440678,0.49747493096330564,0.8929804372842347,3.0211200575619808,0.37069156546936755
23,0.5527413849649941,0.6980924431401321,0.8103448275862069,0.5527413849649941,0.930562347188264,2.4474580751328685,0.5279095799378564
24,0.5057429685816763,0.6661451814768461,0.6911764705882353,0.5057429685816763,0.8772146683147919,2.932434584849458,0.38237010415528583
25,0.6331526571505794,0.7442827442827443,0.9487179487179487,0.6331526571505794,0.9363557105492589,1.9089722425694038,0.716199117892914
26,0.6672248286269988,0.6762899262899262,0.8409090909090909,0.6672248286269988,0.9507772020725389,1.996754370504844,0.5401989879842586
27,0.6027819552728998,0.7770334928229665,0.6909090909090909,0.6027819552728998,0.9497076023391813,2.309088063857781,0.49659473903941925
28,0.6108353655764593,0.7705426356589147,0.6976744186046512,0.6023809987785985,0.9603864734299516,2.2756324074440406,0.509779618928866
29,0.6139634558051058,0.7339506172839506,0.8,0.6139634558051058,0.9565567176186646,2.1656341649478446,0.6201736729460423
30,0.6031455974108507,0.7273596938775511,0.765625,0.6031455974108507,0.9417836498761354,2.2657731503207406,0.5242702423887979
31,0.6061966620095531,0.7728937728937729,0.9285714285714286,0.6061966620095531,0.9490254872563718,1.9853971320145578,0.73348483283569
32,0.6005252346521737,0.7327536231884058,0.7246376811594203,0.6005252346521737,0.9436356849570735,2.3308552770449915,0.5515564879384279
33,0.6131678124542128,0.6420265780730897,0.7678571428571429,0.6416834776654537,0.9318866787221217,2.366730462557428,0.4815604349286679
34,0.607748578819454,0.75,0.6730769230769231,0.607748578819454,0.9578947368421052,2.3609517849690733,0.5451842731386105
35,0.5844401178894643,0.7228212039532794,0.7924528301886793,0.5844401178894643,0.9338363319791062,2.3064805155698833,0.4665265896211377
36,0.568217775500651,0.7163788592360021,0.7959183673469388,0.568217775500651,0.9102393617021277,2.375718235867342,0.44087410129236276
37,0.5685615513421971,0.691358024691358,0.8571428571428571,0.5685615513421971,0.927810650887574,2.3290167392074252,0.5891649892987402
38,0.6626398782585285,0.7428571428571429,0.84,0.6626398782585285,0.9701492537313433,1.9230769230769231,0.6781419786518724
39,0.6544984694978736,0.7852564102564102,0.8125,0.6544984694978736,0.9551656920077972,1.9313119412075836,0.6538704981932283
40,0.4922554336437693,0.772256728778468,0.45652173913043476,0.4922554336437693,0.9198520345252774,3.4270147316145674,0.2978879006693419
41,0.6161368449183248,0.7040293040293041,0.8974358974358975,0.6161368449183248,0.9571713147410359,2.079786675922586,0.6551217820804184
42,0.5716035782760257,0.6713164777680907,0.5967741935483871,0.5716035782760257,0.9150326797385621,2.8181818181818183,0.472221412515419
43,0.512713421034476,0.7178822658274713,0.5068493150684932,0.512713421034476,0.9268642447418738,3.2608328755061304,0.3634386177416751
44,0.5844012961374504,0.8116175877369908,0.5522388059701493,0.5844012961374504,0.9463781749764817,2.607601800540473,0.4540766091864998
45,0.5556136908715676,0.7472222222222222,0.625,0.5556136908715676,0.9180887372013652,2.6808188747834496,0.5
46,0.5697530380399266,0.7491075981642019,0.6981132075471698,0.5697530380399266,0.9576271186440678,2.4742828924373512,0.5403164589623636
47,0.6044424265506761,0.7457364341085271,0.7166666666666667,0.6044424265506761,0.9543650793650794,2.3076923076923075,0.4869206048708966
48,0.3786444587575136,0.8432876712328767,0.3424657534246575,0.3786444587575136,0.921556886227545,4.608637379260005,0.2716821923253079
49,0.6170131453901615,0.8298245614035088,0.5263157894736842,0.6170131453901615,0.9529885829415715,2.4976632228941527,0.4575232767924944
50,0.6767603222018829,0.76,0.8,0.6767603222018829,0.9669211195928753,1.8954111628885957,0.6934389521783171
51,0.539361255714771,0.5953689167974883,0.9423076923076923,0.539361255714771,0.8934040047114252,2.5127926364854676,0.5245643766354129
52,0.6361376057668932,0.7568106312292359,0.813953488372093,0.6361376057668932,0.9595619208087616,2.0328838078522287,0.6511528238439882
53,0.489203581927144,0.7101293103448276,0.453125,0.489203581927144,0.9216783216783216,3.6054091063381404,0.30316953129541624
54,0.5806453282231356,0.7554179566563467,0.7450980392156863,0.5806453282231356,0.9402697495183044,2.3417198854406966,0.5872202195147035
55,0.6678308457283858,0.7537619699042407,0.7906976744186046,0.6678308457283858,0.9726390114739629,1.9482038982930283,0.5947103756280974
56,0.6309292725353463,0.7160493827160493,0.8,0.6309292725353463,0.9453952730236349,2.1278909306774763,0.45942645152392086
57,0.571232407121301,0.7645305514157973,0.5409836065573771,0.571232407121301,0.938987187309335,2.7753543094442144,0.4793012932694108
58,0.5933086717578356,0.8207142857142857,0.56,0.5933086717578356,0.9333874898456539,2.5364360975624853,0.4561715527618233
59,0.5392315432748921,0.7451462947771398,0.7681159420289855,0.5392315432748921,0.9390075809786355,2.4883143149430014,0.5700036969699294
60,0.6473758981334249,0.7883381924198251,0.7142857142857143,0.6473758981334249,0.9609097370291401,2.0831497155851575,0.6241050826688055
61,0.5490329016591367,0.7088888888888889,0.6666666666666666,0.5490329016591367,0.9175455417066155,2.6942531252437822,0.3847264488350301
62,0.643066443190229,0.7830903790087463,0.7142857142857143,0.643066443190229,0.9484463276836158,2.106705914243311,0.6076849889141858
63,0.5290286888267256,0.7126436781609196,0.5689655172413793,0.5290286888267256,0.9285228046289993,3.0067268147603836,0.43927501928207435
64,0.5819147708195125,0.7823660714285714,0.5714285714285714,0.5819147708195125,0.9550408719346049,2.6219179958824066,0.4868205209861014
65,0.5339348249813913,0.7950664136622391,0.6078431372549019,0.5339348249813913,0.9276752767527675,2.731808716134317,0.4584268186918275
66,0.4685239414242556,0.719047619047619,0.4666666666666667,0.4685239414242556,0.8895434462444771,3.654795290856601,0.3197074532092005
67,0.5023342538954292,0.725462962962963,0.5333333333333333,0.5023342538954292,0.9369207772795217,3.2170205009895105,0.42240616270615045
68,0.48649937367497165,0.5721997300944669,0.9743589743589743,0.48649937367497165,0.848,2.751405132570801,0.37259714626609786
69,0.5448326082973025,0.7449464922711059,0.5,0.5448326082973025,0.9623655913978495,3.0560522621032185,0.4094264986581453
70,0.6570366907092227,0.7064327485380117,0.8444444444444444,0.6570366907092227,0.9481946624803768,1.9878337063809395,0.6057825328153826
71,0.5458517235612266,0.8386123680241327,0.5098039215686274,0.5458517235612266,0.9439728353140917,2.847685992583724,0.3489649041064076
72,0.5850910263202704,0.7129629629629629,0.75,0.5850910263202704,0.9352226720647774,2.384567366272694,0.4174478824769032
73,0.5528389430874858,0.6435517970401692,0.7818181818181819,0.5528389430874858,0.9218655360387644,2.59472661115427,0.4512426281971401
74,0.5211947408159375,0.720425343376163,0.6065573770491803,0.5211947408159375,0.9355581127733027,2.934068278496053,0.42544094772365293
75,0.4888769513109863,0.7236286919831224,0.45569620253164556,0.4888769513109863,0.9470777726645191,3.5634674201432768,0.345639036045303
76,0.48817932980484186,0.7465686274509804,0.4411764705882353,0.48817932980484186,0.9125224685440384,3.569699958691776,0.22086305214969307
77,0.4212107355369691,0.8031914893617021,0.2765957446808511,0.4212107355369691,0.9272555503070382,4.869884486175003,0.18553743394936528
78,0.5846307578789756,0.7784313725490196,0.5882352941176471,0.5846307578789756,0.9474940334128878,2.5788506878455,0.43611141344057397
79,0.58440513360476,0.6743295019157088,0.6206896551724138,0.58440513360476,0.935548172757475,2.6983874310444547,0.41522739926869984
80,0.5849005091945646,0.7022222222222222,0.7936507936507936,0.5849005091945646,0.9114132674083231,2.336478027323603,0.5135037793306504
81,0.38161781226084024,0.8166214995483289,0.32926829268292684,0.38161781226084024,0.8836754643206256,4.75027884264113,0.26953584668754665
82,0.6095928062004871,0.764520202020202,0.8181818181818182,0.6095928062004871,0.9453551912568307,2.1141884310531407,0.6687427686300687
83,0.6572800879932396,0.7463768115942029,0.8478260869565217,0.6572800879932396,0.9646974063400576,1.9291656037226,0.6910761223603025
84,0.5639352738666122,0.6725254394079556,0.9787234042553191,0.5639352738666122,0.9127432517263026,2.2270244124228067,0.6433127943320819
85,0.6001795489000908,0.7855477855477856,0.6346153846153846,0.6001795489000908,0.9718817591925017,2.406970370049925,0.559491877933083
86,0.4966958960010118,0.796011396011396,0.4153846153846154,0.4966958960010118,0.9202898550724637,3.5126806659561565,0.3246479478613568
87,0.6369188041993192,0.7604166666666666,0.5833333333333334,0.6369188041993192,0.9560336763330215,2.392266882525235,0.46153846153846156
88,0.6167297484676821,0.7881231671554252,0.7045454545454546,0.6167297484676821,0.9315424610051993,2.216225898397413,0.4543189341752971
89,0.5360723198369287,0.7504873294346979,0.631578947368421,0.5360723198369287,0.9166666666666666,2.7486898057027793,0.45526361293755646
90,0.5093469746056825,0.7594235033259423,0.5365853658536586,0.5093469746056825,0.8770806658130602,3.0985135818801535,0.2974820586543648
91,0.48116874994822856,0.6494760066188637,0.6621621621621622,0.48116874994822856,0.9106728538283063,3.1607132248293257,0.29378212709294305
92,0.49219742647725523,0.6846666666666666,0.5333333333333333,0.4965244160105752,0.889948006932409,3.367677394997647,0.358974358974359
93,0.6721681251482294,0.7664473684210527,0.8421052631578947,0.6721681251482294,0.9688149688149689,1.856371926258995,0.6525966234521723
94,0.6037340452708917,0.7124518613607189,0.926829268292683,0.6037340452708917,0.9312080536912751,2.0786507587228646,0.6195300052345263
95,0.5764358916254709,0.7700364298724954,0.5901639344262295,0.5764358916254709,0.956989247311828,2.6246534862111615,0.5225863055041795
96,0.6105425071972767,0.6880523731587561,0.7230769230769231,0.6105425071972767,0.9502712477396021,2.366707773087578,0.4769877298096164
97,0.5235987755982988,0.6792009400705052,0.5362318840579711,0.5235987755982988,0.9372972972972973,3.2010931933554168,0.3550448976166215
98,0.5799583660272825,0.814468085106383,0.5319148936170213,0.5799583660272825,0.9282250242483027,2.6722693563819564,0.33918173268560703
99,0.6480352484427488,0.7705555555555555,0.72,0.6480352484427488,0.9726507713884993,2.0961221412935203,0.5924384850325434
100,0.6266527449402693,0.7596153846153846,0.7692307692307693,0.6266527449402693,0.9535304767652384,2.122990474199122,0.6180796646955086
101,0.43739891340234127,0.7170224411603722,0.4603174603174603,0.43739891340234127,0.8893414799728445,3.8850271035321358,0.21202388648538395
102,0.46865086415859425,0.6381944444444444,0.5555555555555556,0.49504863659962617,0.8493530499075785,3.5547773835664325,0.29361010975735174
103,0.5922483928434091,0.7854938271604939,0.6666666666666666,0.5922483928434091,0.9362354383813611,2.3805234673469258,0.5405785799237572
104,0.5732270686366707,0.8234265734265734,0.6346153846153846,0.5732270686366707,0.9339061467283543,2.4608620305074624,0.41106577241613973
105,0.4936750681131339,0.7408730158730159,0.5142857142857142,0.4936750681131339,0.8988926336061628,3.288733002267773,0.4152273992686999
106,0.365667667966288,0.6994645247657296,0.43373493975903615,0.4135757524567062,0.7783985102420856,4.605887928018089,0.19805610937570808
107,0.6090696319716837,0.7194570135746606,0.6538461538461539,0.6090696319716837,0.9332355099046221,2.4401507352551612,0.46757750082264415
108,0.5860185370411516,0.7578369905956113,0.6590909090909091,0.5860185370411516,0.9298076923076923,2.4633792290357293,0.5311319678904435
109,0.5465536118227036,0.8304924242424242,0.4583333333333333,0.5465536118227036,0.9574235807860262,3.0144641432402404,0.3663716527236559
110,0.5223871420679888,0.6729096989966555,0.7076923076923077,0.5419139591068813,0.9124716553287981,2.8050685686725356,0.43648116452872604
111,0.5212125832615879,0.6170298627925747,0.711864406779661,0.5436277916861469,0.8868909512761021,2.926416276674203,0.470129355605417
112,0.5058840442957737,0.7612942612942613,0.4126984126984127,0.5058840442957737,0.9621913580246914,3.5490577372086953,0.34872479171328263
113,0.6541378642805193,0.750206782464847,0.7948717948717948,0.6347570810438722,0.9567510548523207,1.999050457514939,0.6507913734559685
114,0.5884800139097479,0.8149867374005305,0.5576923076923077,0.5884800139097479,0.9233658903080391,2.571622122957696,0.43814368314120083
115,0.5708612359665762,0.7292555713608345,0.6491228070175439,0.5708612359665762,0.9447174447174447,2.5958211586082762,0.482106112650395
116,0.5872703088705471,0.8130252100840336,0.6071428571428571,0.5872703088705471,0.9608938547486033,2.4727107408184503,0.474694593785375
117,0.48882040574680485,0.7220643939393939,0.48484848484848486,0.48882040574680485,0.9579145728643216,3.4587428688535584,0.40020741510338664
118,0.5884264193855939,0.7581310123683005,0.6271186440677966,0.5884264193855939,0.9339729119638827,2.5146193781999386,0.47359142756450107
119,0.6053657589067589,0.7561141304347826,0.6956521739130435,0.6053657589067589,0.9729020979020979,2.322458803538519,0.5302810606912027
120,0.6600427747146944,0.6894067796610169,0.6779661016949152,0.6600427747146944,0.9632918886915335,2.233021114962243,0.5663521139548541
121,0.4632982402098867,0.696218487394958,0.5147058823529411,0.4632982402098867,0.882321618743344,3.567891692089855,0.24951314462072216
122,0.6343317123780479,0.7888563049853372,0.7045454545454546,0.6343317123780479,0.9590017825311943,2.1471595410014994,0.565685424949238
123,0.6578548719055549,0.7222222222222222,0.7346938775510204,0.6578548719055549,0.9717772692601068,2.1044705248269886,0.5356715840055802
124,0.6350491795294583,0.8165064102564102,0.8205128205128205,0.6350491795294583,0.9658767772511848,1.9531469657638405,0.6777837877554777
125,0.4602522318586181,0.6758720930232558,0.5581395348837209,0.4809351716606597,0.8885350318471338,3.495358901588808,0.39846138230830636
126,0.5146906678849062,0.6280193236714976,0.5869565217391305,0.5146906678849062,0.8666666666666667,3.229119152082485,0.2884082134701481
127,0.445497464344501,0.7139601139601139,0.4153846153846154,0.445497464344501,0.9492424242424242,4.0420999428461615,0.3192077659391892
128,0.5401979365360104,0.7641337386018237,0.7446808510638298,0.5465718983477329,0.8965763195435092,2.491577689971358,0.425205832509386
129,0.2540994058050568,0.6631205673758865,0.2553191489361702,0.2540994058050568,0.8112798264642083,7.786952825364437,0.14792510968188685
130,0.5033796913298819,0.6896551724137931,0.58,0.5033796913298819,0.9090909090909091,3.158480037854462,0.3904344047215152
131,0.6375299906590398,0.801829268292683,0.7804878048780488,0.6375299906590398,0.9804287045666356,2.0118255450801765,0.6534455986862853
132,0.46145851409801947,0.7909698996655519,0.5897435897435898,0.47503010021246916,0.8821883742617346,3.136892519171812,0.43646856438042336
133,0.4457960033625713,0.6353872244205766,0.47540983606557374,0.4457960033625713,0.8733488733488733,4.003084285039807,0.36775243829734516
134,0.5941876475678473,0.6569468267581475,0.8301886792452831,0.6076151931952484,0.9119047619047619,2.3249288351777087,0.5823676842860944
135,0.6559488816186445,0.7775628626692457,0.7021276595744681,0.6559488816186445,0.9571428571428572,2.0821564553610705,0.5657465900491573
136,0.33214290459065277,0.7031840259039396,0.3119266055045872,0.345209582360221,0.8341869398207427,5.777681865242797,0.19653653462412551
137,0.5072224825322489,0.7818713450292397,0.5263157894736842,0.5423953225528865,0.9132513661202186,3.094225573449375,0.29731765849886654
138,0.5679999517690346,0.7895962732919255,0.6086956521739131,0.5679999517690346,0.9390581717451524,2.588547988416566,0.4304020232751518
139,0.4209943508090445,0.6623777663407102,0.43283582089552236,0.4209943508090445,0.841726618705036,4.288449714024349,0.14787533676335743
140,0.554261218509837,0.680327868852459,0.6557377049180327,0.554261218509837,0.9331084879145587,2.7490658423280663,0.4779397409078746
141,0.5254324145902504,0.7206035379812695,0.5,0.5254324145902504,0.9364435429344151,3.2086580317515123,0.4314862944113929
142,0.5437371900443873,0.7058823529411765,0.5735294117647058,0.5437371900443873,0.9052224371373307,2.9366559262032106,0.32845672078279337
143,0.5875476393913711,0.7255172413793104,0.58,0.5875476393913711,0.9228070175438596,2.676878812961916,0.46256600669501985
144,0.3555420257309413,0.542331784198828,0.48514851485148514,0.36495994988898045,0.7482575968776136,5.0411531478856,0.2533482581673794
145,0.3825679101235381,0.6686159844054581,0.4691358024691358,0.3825679101235381,0.8647058823529412,4.390493113307867,0.2565819152398505
146,0.6065197245501928,0.7507936507936508,0.7142857142857143,0.6065197245501928,0.9394240317775571,2.295495041983703,0.48418987393882607
147,0.4854355995342829,0.704653371320038,0.7222222222222222,0.4854355995342829,0.9149198520345253,2.88492481429278,0.3880570000581328
148,0.5081076875628462,0.6890756302521008,0.5490196078431373,0.5081076875628462,0.9119555143651529,3.222394596624146,0.33575600588927096
149,0.5482958826457195,0.6670743639921722,0.7671232876712328,0.5482958826457195,0.9225304465493911,2.592348846981718,0.5578717497799477
150,0.6315242375073359,0.764751552795031,0.6086956521739131,0.6315242375073359,0.9544573643410853,2.3579989194945834,0.42930940980028104
151,0.5855928706291375,0.7516129032258064,0.6451612903225806,0.5855928706291375,0.9529652351738241,2.5019208725332045,0.5114677020756394
152,0.5083096913508285,0.7223214285714286,0.546875,0.5186304370480854,0.9256292906178489,3.1524740592270946,0.3937908695643175
153,0.6520175407900752,0.7432795698924731,0.6458333333333334,0.6520175407900752,0.9761694616063548,2.236887187985157,0.4517539514526256
154,0.42345749423448337,0.6944444444444444,0.45454545454545453,0.42345749423448337,0.8636934673366834,4.069532132776508,0.28448875573575455
155,0.674585469018609,0.807070707070707,0.9090909090909091,0.674585469018609,0.9673123486682809,1.732869205048632,0.7348034446274879
156,0.6188868644616088,0.6985645933014354,0.8636363636363636,0.6188868644616088,0.9291964996022275,2.1181440990191582,0.6189844605901729
157,0.556447590076072,0.645956607495069,0.75,0.556447590076072,0.9257950530035336,2.6284362012895923,0.4423917446834593
158,0.6008727269522203,0.6763392857142857,0.7142857142857143,0.6008727269522203,0.9404096834264432,2.4421786522553712,0.48893072560217543
159,0.49464980483204674,0.7167508417508418,0.4583333333333333,0.49464980483204674,0.9170705438879914,3.536099853679459,0.3085479344852194
160,0.5884426054466994,0.6960573476702508,0.6888888888888889,0.5884426054466994,0.9445525291828794,2.503861006157979,0.47658592755290563
161,0.42644665903220824,0.7608621279507356,0.46835443037974683,0.43318879419577777,0.8401964488099736,3.8102799501528164,0.2916025250491261
162,0.6164045245857185,0.6686367218282112,0.8703703703703703,0.6298774495678023,0.9303728070175439,2.1660349728618984,0.6316664418548654
163,0.6187014103498266,0.7079970652971387,0.6170212765957447,0.6187014103498266,0.9479371316306483,2.4900023091606878,0.51425947722658
164,0.5821763886183585,0.7843915343915344,0.5185185185185185,0.5821763886183585,0.9657980456026058,2.7476707059580887,0.42546882418053034
165,0.5595482462584521,0.5964405964405964,0.9545454545454546,0.5691540493025559,0.8959537572254336,2.412155865557033,0.49980956007688554
166,0.6644419426036685,0.6866554054054054,0.8648648648648649,0.6644419426036685,0.9431554524361949,1.964482690334647,0.6081923702116572
167,0.4761495790759362,0.8183760683760684,0.4642857142857143,0.4761495790759362,0.9257596685082873,3.3909646297883853,0.3453696652219575
168,0.5889317710062199,0.8203125,0.5,0.5889317710062199,0.9174757281553398,2.705030141184239,0.3841106397986879
169,0.6662095906938085,0.7712842712842712,0.7857142857142857,0.6662095906938085,0.9727024567788899,1.938102245846073,0.6260990336999411
170,0.3526391280390436,0.5854938271604938,0.49382716049382713,0.3939190471187678,0.7730236348818256,4.835633915924091,0.12234515197530112
171,0.6702064327658225,0.8205128205128205,0.7222222222222222,0.6702064327658225,0.96,1.9448027481129402,0.6103219123349723
172,0.5420255926201388,0.753102267864784,0.7192982456140351,0.5420255926201388,0.9181011997913406,2.5459369197973,0.5930306849214693
173,0.3814141225677071,0.7103290974258716,0.3548387096774194,0.39305968691607834,0.8616600790513834,4.9081840022683645,0.16717535181142917
174,0.5092545091793075,0.8199233716475096,0.46551724137931033,0.5092545091793075,0.958924570575056,3.2020404026691716,0.3922322702763681
175,0.6469160037048701,0.7420833333333333,0.6666666666666666,0.6469160037048701,0.9403379091869061,2.2243332124570454,0.5034534204220421
176,0.5970919394018159,0.7589815137774677,0.7704918032786885,0.5970919394018159,0.9543859649122807,2.2341354786242777,0.5209148809232269
177,0.4880457723169329,0.6863636363636364,0.6060606060606061,0.5163325068757102,0.8408352668213457,3.1771240065178654,0.17149858514250885
178,0.5626085260175153,0.6686507936507936,0.8035714285714286,0.5626085260175153,0.9471613265879708,2.47035384661485,0.5253742471300923
179,0.5912748078184871,0.778125,0.6,0.5912748078184871,0.9256505576208178,2.5253258240088794,0.4091835684146547
180,0.6697542779790013,0.7391812865497076,0.8444444444444444,0.6697542779790013,0.9656226126814362,1.896596441156042,0.692475403390143
181,0.4455361977258962,0.7652224824355972,0.45901639344262296,0.4455361977258962,0.8314249363867684,3.713920210611574,0.268691499588691
182,0.68893594681784,0.7586206896551724,0.9655172413793104,0.68893594681784,0.9685534591194969,1.684781731338632,0.659253657263564
183,0.6272276999354621,0.6428571428571429,0.7608695652173914,0.6272276999354621,0.9358047016274864,2.3180219742846004,0.48976559735914893
184,0.4373287013428211,0.7935344827586207,0.3625,0.4373287013428211,0.9288597376387487,4.162024295093814,0.2685689029394169
185,0.6542821063674611,0.7526881720430108,0.8709677419354839,0.6542821063674611,0.9647779479326187,1.9060621878425166,0.581943422477526
186,0.48909248381115594,0.6878306878306878,0.6363636363636364,0.5199426134755686,0.903348073278585,3.091855116602851,0.39956366037902813
187,0.47273489454017836,0.6593799682034976,0.4594594594594595,0.47273489454017836,0.9226918798665183,3.8193083466592403,0.3191016181353978
188,0.5757830819083338,0.7268359643102265,0.7580645161290323,0.570464098105554,0.949350067234424,2.3862685338439484,0.5663521139548541
189,0.5849793101380931,0.7373737373737373,0.8148148148148148,0.5849793101380931,0.954248366013072,2.25,0.6183469424008423
190,0.6053440027249474,0.7017756255044391,0.711864406779661,0.6053440027249474,0.9549697968149369,2.38317695171605,0.5104608749141235
191,0.5416990248172321,0.6621351459416234,0.6721311475409836,0.5529256493086084,0.9149171270718232,2.810371966064405,0.4472135954999579
192,0.4969340231372744,0.7333068362480127,0.5441176470588235,0.4969340231372744,0.9327603640040445,3.1964104451954936,0.40621935491301864
193,0.5737464085518855,0.7056818181818182,0.6060606060606061,0.5737464085518855,0.9394856278366112,2.7177777392470315,0.47796263019410723
194,0.6045096318114195,0.7167167167167167,0.7297297297297297,0.6045096318114195,0.927461139896373,2.332513132998973,0.4472135954999579
195,0.6900350254512019,0.7400318979266348,0.868421052631579,0.6900350254512019,0.9616580310880829,1.7945480202698627,0.6268603748358126
196,0.6297778276393532,0.7534097108565194,0.8297872340425532,0.6297778276393532,0.9698033707865169,2.0410780597319516,0.6471502289294341
197,0.6400232358086222,0.7273584905660377,0.7547169811320755,0.6400232358086222,0.957169459962756,2.138387331664905,0.6178182146920149
198,0.6478322813826174,0.7198653198653199,0.7333333333333333,0.6478322813826174,0.9435127978817299,2.1496663824128825,0.44905778309921707
199,0.5977553342492807,0.7763157894736842,0.631578947368421,0.5977553342492807,0.9490616621983914,2.437155307349254,0.5
200,0.37128479507029877,0.6413199426111909,0.4146341463414634,0.37128479507029877,0.8546845124282982,4.868498970063737,0.2289812927564879
201,0.5275242566148951,0.6932539682539682,0.5142857142857142,0.5275242566148951,0.9352248394004282,3.214441607022521,0.37025752138226325
202,0.5892089078875551,0.6251700680272109,0.8333333333333334,0.5892089078875551,0.9135188866799204,2.3990206079983762,0.41980665045039034
203,0.6157628457928974,0.7143595041322314,1.0,0.6157628457928974,0.9325691166554282,1.9572275755759205,0.5875335986455299
204,0.6475171524898963,0.7927350427350427,0.7222222222222222,0.6475171524898963,0.958656330749354,2.065381379028511,0.5583589400039665
205,0.5412388453271357,0.6848739495798319,0.6071428571428571,0.5412388453271357,0.9340974212034384,2.9096752128766177,0.4172740670816047
206,0.40995214152435305,0.7734741784037559,0.3380281690140845,0.3979833830672191,0.8427109974424553,4.578519845028778,0.21805570672028698
207,0.645711431222262,0.7783018867924528,0.6792452830188679,0.645711431222262,0.9562137797810689,2.156527112076465,0.5584038502078208
208,0.46894705154595123,0.6152228763666947,0.7068965517241379,0.46894705154595123,0.8446882217090069,3.2080594749352955,0.3251813882712708
209,0.5504177217596763,0.7336430507162215,0.6507936507936508,0.5504177217596763,0.9225900681596884,2.6743558281368416,0.45532084640474313
210,0.512472301616835,0.6525,0.64,0.512472301616835,0.9015544041450777,3.045002502160114,0.30971989379918796
211,0.6069763132425626,0.7494369369369369,0.7708333333333334,0.6069763132425626,0.9459843638948117,2.2099488665311187,0.56871973457804
212,0.6277992592049686,0.744,0.7692307692307693,0.6277992592049686,0.9722557297949337,2.1407895158470387,0.6866536336972835
213,0.4872377495150837,0.7105263157894737,0.5671641791044776,0.4872377495150837,0.8718072289156626,3.2322818340454904,0.3273663365712149
214,0.6040588147204548,0.7023584905660377,0.7547169811320755,0.6040588147204548,0.9388398486759143,2.318701040382066,0.5506521785866085
215,0.4866975285561331,0.7849264705882353,0.53125,0.5587088975771936,0.882687338501292,3.180391162346573,0.3675383350990133
216,0.5718397402310164,0.74989491382934,0.639344262295082,0.5718397402310164,0.9474243228890069,2.5751238558829135,0.4816209743009517
217,0.6729328642600622,0.7643581081081081,0.8648648648648649,0.6729328642600622,0.9597030752916225,1.8315357275372457,0.6625891564490793
218,0.3987592527125933,0.6646464646464646,0.4888888888888889,0.44705189577467214,0.8457583547557841,4.189422165088691,0.2222481086714011
219,0.6667157742618339,0.7490196078431373,0.8823529411764706,0.6667157742618339,0.9689966178128523,1.8540637812165974,0.7354519199392469
220,0.5694397503970873,0.7482552342971087,0.576271186440678,0.5694397503970873,0.9677627337201805,2.7263015817934297,0.49608713941064975
221,0.3633873855363379,0.6645030425963488,0.3411764705882353,0.3633873855363379,0.8478260869565217,5.350889646442178,0.2021033083274624
222,0.5340707511102649,0.6938775510204082,0.5,0.5340707511102649,0.968833481745325,3.223469992542549,0.4
223,0.5779176961960816,0.7341628959276018,0.6538461538461539,0.5779176961960816,0.9338129496402877,2.5474004033405167,0.4586894805900397
224,0.4248179880722309,0.6043103448275862,0.725,0.4430876616199276,0.8184471687098658,3.4460839848959166,0.3379183440355471
225,0.3145752992444989,0.6753097090175741,0.43820224719101125,0.32728414133397665,0.6976190476190476,5.153589120963491,0.10761641027029975
226,0.6548969784201764,0.7284434490481523,0.8085106382978723,0.6548969784201764,0.9665676077265973,2.0086536378485143,0.6620847108818944
227,0.5619477055296621,0.7341222879684418,0.6,0.5619477055296621,0.9375314861460957,2.7314299656827554,0.4282551688264323
228,0.607012227600187,0.7986270022883295,0.8260869565217391,0.607012227600187,0.9407008086253369,2.067845944573308,0.6158363882154441
229,0.6023325174104875,0.7509671179883946,0.9361702127659575,0.6023325174104875,0.9378019323671497,2.0193827212960853,0.6264700137907351
230,0.6373830237652046,0.7386968085106383,0.6808510638297872,0.6373830237652046,0.9652476107732406,2.2447630828063216,0.5914637364503729
231,0.5939437634556881,0.774468085106383,0.6382978723404256,0.5939437634556881,0.9495652173913044,2.4430386106655724,0.4608885989624768
232,0.5089148512351223,0.6581101190476191,0.65625,0.5040795831474235,0.9095115681233933,3.0119075834257165,0.43556092810428076
233,0.4905833942227404,0.6799516908212561,0.5217391304347826,0.4905833942227404,0.9124797406807131,3.4258587687662585,0.3920814986889116
234,0.5479076827424193,0.8030612244897959,0.625,0.5479076827424193,0.9597560975609756,2.6192600275096605,0.4868205209861014
235,0.6225520522329249,0.7445553539019963,0.6551724137931034,0.6225520522329249,0.964159811985899,2.3404413544155016,0.4986168714859002
236,0.3821050049633676,0.6870426173052088,0.45544554455445546,0.39171733399447733,0.8316831683168316,4.39954631322566,0.25607375986579195
237,0.5920478121226549,0.7996632996632996,0.6136363636363636,0.5920478121226549,0.9241245136186771,2.4600129031237636,0.412310562561766
238,0.6320363918464672,0.7378472222222222,0.8888888888888888,0.6320363918464672,0.9539842873176206,1.9847183978687324,0.693600087284511
239,0.6558876091066038,0.7380952380952381,0.7857142857142857,0.6558876091066038,0.9623706491063029,2.0204615414947993,0.6155247143313103
240,0.6799211373213446,0.6348484848484849,0.7333333333333333,0.6799211373213446,0.9632183908045977,2.152428955725433,0.4616435357484827
241,0.5443388810147095,0.7101113172541744,0.8979591836734694,0.5443388810147095,0.9113095238095238,2.337611511101614,0.6101846029222358
242,0.6075792874351675,0.7033799533799534,0.8863636363636364,0.6075792874351675,0.9392996108949416,2.125085028736827,0.5762899372218113
243,0.42279513320472056,0.7899728997289973,0.32926829268292684,0.42279513320472056,0.8983050847457628,4.488191162887411,0.2303550679503617
244,0.49152835059290306,0.6894124847001224,0.5657894736842105,0.51705809398333,0.8773364485981309,3.2620123808843275,0.4194495252936657
245,0.6739482569407375,0.7436293436293436,0.9459459459459459,0.6739482569407375,0.9717457114026236,1.7719822327856558,0.7929226237552266
246,0.4707639785141168,0.7080357142857143,0.47619047619047616,0.4707639785141168,0.8957078313253012,3.632401657116148,0.34549007977865903
247,0.534182817435601,0.6666666666666666,0.5641025641025641,0.534182817435601,0.9334965320277437,3.09553769092205,0.4425859836700395
248,0.4913975706060852,0.6578525641025641,0.5769230769230769,0.4975208457615871,0.8988395007663674,3.3076825491935122,0.35379059517587425
249,0.4926815145629707,0.6691176470588235,0.5588235294117647,0.4926815145629707,0.8967842323651453,3.3253038689607166,0.41571777723618225
250,0.5378611614525461,0.6415801614763552,0.75,0.5378611614525461,0.9408033826638478,2.72,0.48100152584614936
251,0.35590774761452415,0.7043944813490036,0.36893203883495146,0.36521213298815397,0.8677998111425873,5.068935696142522,0.24641073941505556
252,0.63929220798895,0.8188265635074146,0.7021276595744681,0.63929220798895,0.9442379182156134,2.092303997447117,0.5708889116488086
253,0.517595978984561,0.6791158536585366,0.640625,0.517595978984561,0.9171384457025219,2.9580948292301845,0.4229129058259507
254,0.5998347573254111,0.7868131868131868,0.8974358974358975,0.5998347573254111,0.9421052631578948,2.023632513229767,0.6201736729460423
255,0.537455832041354,0.5910204081632653,0.98,0.5493329504163773,0.9055659787367104,2.4808596673563597,0.31043820977155473
256,0.5203218308802687,0.7143974960876369,0.5070422535211268,0.5203218308802687,0.9264332825976661,3.227272727272727,0.4061779717649416
257,0.5454035921050966,0.7814972611077298,0.5849056603773585,0.5454035921050966,0.9406593406593406,2.7560713538508566,0.46422614453734773
258,0.40351723821935015,0.7173076923076923,0.4875,0.42250371724860025,0.8445283018867924,4.0043515280077004,0.13819603191146362
259,0.5688927873282555,0.6317907444668008,0.5915492957746479,0.5802137593729213,0.9248895434462445,2.9310810791599873,0.4335752754721837
260,0.5882372608090393,0.7481940144478845,0.5964912280701754,0.5882372608090393,0.9409474367293965,2.5962677503777725,0.4273500466371822
261,0.5709817377129887,0.7805219012115564,0.6379310344827587,0.5709817377129887,0.9357541899441341,2.530526925171461,0.49973082097645305
262,0.3685465173779258,0.6226222826086957,0.34782608695652173,0.3685465173779258,0.893710385177962,5.422275978756117,0.25630729731502827
263,0.4546074176793243,0.5826132495417649,0.8507462686567164,0.5572420004972329,0.8421650264950795,3.0785912531190633,0.397499205002385
264,0.5830250221912632,0.786096256684492,0.6181818181818182,0.5830250221912632,0.9398976982097187,2.5101219522370184,0.43333333333333335
265,0.5613258010787261,0.7653880463871543,0.6440677966101694,0.5729591873270364,0.9098621420996819,2.5846024328319834,0.4387873985650559
266,0.5301007326364078,0.75,0.6363636363636364,0.5301007326364078,0.9343820224719102,2.7664296718918564,0.41151993755325084
267,0.6787391535533503,0.7608695652173914,0.6956521739130435,0.6787391535533503,0.9120521172638436,2.023445501272673,0.3952847075210474
268,0.5619415430790866,0.7810669133518348,0.6811594202898551,0.5619415430790866,0.9437406855439643,2.4853402874113906,0.4996305873156571
269,0.4043291112134312,0.5678869323447636,0.6265060240963856,0.4043291112134312,0.8414006179196705,3.964171410490293,0.38577001148310924
270,0.5054822579625977,0.7618371212121212,0.515625,0.5263247167457286,0.8983807928531546,3.176119253725737,0.3260780417008137
271,0.54295493224924,0.8121693121693122,0.3888888888888889,0.54295493224924,0.9494845360824742,3.3290794665541315,0.3291235709683749
272,0.6276647133082625,0.8105065666041276,0.7884615384615384,0.6276647133082625,0.965902738960313,2.0263950411904426,0.655229950459275
273,0.6575956752034375,0.8408163265306122,0.7142857142857143,0.6575956752034375,0.9664879356568364,1.9790518606770993,0.6386159585991316
274,0.48035387850367256,0.6293040293040293,0.5571428571428572,0.48035387850367256,0.9085140137493389,3.5053086374202116,0.4040050601493656
275,0.6488781225298863,0.7953333333333333,0.6,0.6488781225298863,0.9667747163695299,2.2566211030073284,0.4609772228646443
276,0.6548610725280662,0.7698209718670077,0.7391304347826086,0.6548610725280662,0.9655172413793104,2.043711740616416,0.5971747207131456
277,0.3246914843325297,0.5458355159769512,0.5542168674698795,0.3388581900564737,0.6733441033925687,4.993473739575374,0.16478216164871762
278,0.6312330942149413,0.6768092105263158,0.8421052631578947,0.6312330942149413,0.9459770114942528,2.132129989541674,0.5780918883382362
279,0.6064253462111847,0.7591857000993049,0.7169811320754716,0.6064253462111847,0.9628463476070529,2.278849069111278,0.5472704546154941
280,0.5993569734426777,0.7537037037037037,0.8,0.5993569734426777,0.9479813664596274,2.191692469309525,0.6302858668672515
281,0.6550097964271688,0.7299145299145299,0.7692307692307693,0.6550097964271688,0.9715585893060296,2.0567889784611317,0.6004113816047243
282,0.5811946409141118,0.7212475633528265,0.7894736842105263,0.5811946409141118,0.9443593670239918,2.32606516831024,0.5223242912861473
283,0.6718835850939109,0.7203947368421053,0.8421052631578947,0.6718835850939109,0.9439655172413793,1.9158561099345486,0.6335812324771531
284,0.625775160042089,0.6649774774774775,0.7708333333333334,0.625775160042089,0.93879173290938,2.2702071447672054,0.5432144762551112
285,0.5592810625279607,0.7490909090909091,0.6363636363636364,0.5592810625279607,0.9455737704918032,2.6373069427471987,0.5792025366019814
286,0.5404229059075333,0.7072033898305085,0.6779661016949152,0.5459514930072226,0.9215902816123689,2.7133524221983008,0.4864143202483853
287,0.611563369898813,0.7073643410852714,0.8372093023255814,0.611563369898813,0.9571678321678322,2.165404554217558,0.5969875459161905
288,0.561991868537532,0.7693181818181818,0.5818181818181818,0.561991868537532,0.9154834347532116,2.709388370305185,0.4347775353567329
289,0.6284119748777917,0.7783564814814815,0.75,0.6284119748777917,0.9465165376495426,2.1173639653765957,0.486812388266633
290,0.6188937527571892,0.7309833024118738,0.8909090909090909,0.6188937527571892,0.9403341288782816,2.0386777094692117,0.6505114431081739
291,0.5047927704255811,0.6868686868686869,0.6545454545454545,0.5047927704255811,0.8505315822388994,2.972242631864285,0.3873818310827704
292,0.343586515720398,0.5700534759358289,0.7764705882352941,0.4236301781995344,0.7454545454545455,3.976948197011859,0.10052409147490614
293,0.584847345729083,0.6793945648434813,0.8947368421052632,0.584847345729083,0.9272300469483568,2.2374023085988526,0.5959896139275433
294,0.6475133439951983,0.7322057787174067,0.7674418604651163,0.6475133439951983,0.9523373052245646,2.0847953951565654,0.6441566264008308
295,0.4856000008196,0.6394230769230769,0.8125,0.4968273756568876,0.844742413549753,2.8545184737097293,0.4756143904066975
296,0.5832469095219214,0.7293706293706294,0.676923076923077,0.605895180786641,0.9438914027149321,2.489339815804093,0.5414911538365682
297,0.6040456522430571,0.7422027290448343,0.631578947368421,0.6040456522430571,0.9536631183469004,2.4657610456201944,0.543368078541867
298,0.5667637800757246,0.7597022860180755,0.5789473684210527,0.5667637800757246,0.9571332886805091,2.7115372180081345,0.40567256575712196
299,0.6321653788652115,0.7396849212303076,0.7209302325581395,0.6321653788652115,0.9453499520613614,2.200571874088066,0.539458640676002
300,0.46074652422991286,0.7501037775010377,0.4520547945205479,0.46074652422991286,0.8936696340257171,3.6836369144246945,0.32316692291795485
301,0.5574990743964874,0.7450396825396826,0.6428571428571429,0.5574990743964874,0.9141813755325624,2.6388983419818595,0.43213462195444685
302,0.5480333851262195,0.7421218487394958,0.6071428571428571,0.5480333851262195,0.9382470119521913,2.7638807432466623,0.45933241466942265
303,0.6308638025437837,0.7886363636363637,0.6818181818181818,0.6308638025437837,0.961218836565097,2.196564509699844,0.5
304,0.5041900746285993,0.7225,0.5208333333333334,0.4973997134153306,0.8901437371663244,3.2520445436784224,0.3178680840706221
305,0.5856125055832223,0.7364197530864197,0.8,0.5856125055832223,0.9162826420890937,2.2697743881663377,0.44840563740698336
306,0.6562787053349077,0.6908068783068783,0.9642857142857143,0.6562787053349077,0.9525763793889649,1.8838178823513378,0.7586206896551724
307,0.5542101518270331,0.6688588007736944,0.8545454545454545,0.614736724542412,0.9241047568145376,2.428910000126973,0.5365723027380129
308,0.5864804359257997,0.7785123966942149,0.6,0.5864804359257997,0.9438877755511023,2.5453275727844513,0.46982093111852
309,0.6267318677616002,0.8046296296296296,0.675,0.6267318677616002,0.9324034334763949,2.2017213797096122,0.5335783750799326
310,0.6599684604940558,0.7923809523809524,0.84,0.6599684604940558,0.9651972157772621,1.871496972469313,0.7022468831767834
311,0.5571627996751128,0.7340136054421769,0.6122448979591837,0.5571627996751128,0.9230111206159111,2.7258257701944424,0.4383972994809528
312,0.5864306286700948,0.7322033898305085,0.5932203389830508,0.5864306286700948,0.9491525423728814,2.6397623644463777,0.48994074000961996
313,0.5412155224706662,0.7184185149469624,0.5573770491803278,0.5412155224706662,0.9406565656565656,2.965164324711832,0.35823412463817755
314,0.6603787291847685,0.771505376344086,0.8611111111111112,0.6603787291847685,0.9739819004524887,1.8717970174830816,0.6666666666666666
315,0.5315689540443553,0.7542857142857143,0.56,0.5315689540443553,0.9166666666666666,2.9334996009889025,0.46836374656060265
316,0.5759968999642353,0.7360703812316716,0.7045454545454546,0.5759968999642353,0.9085972850678733,2.458783684940123,0.5485298130021853
317,0.597337727818292,0.717391304347826,0.8846153846153846,0.597337727818292,0.9201072386058982,2.143735715101179,0.6695340634119862
318,0.5650215267524682,0.7942307692307692,0.5769230769230769,0.5650215267524682,0.9358006042296072,2.6643367980008,0.38600146977762545
319,0.6115920261078285,0.7420634920634921,0.7346938775510204,0.6115920261078285,0.9356683345246605,2.2567439072401143,0.5883484054145521
320,0.6471008068444175,0.7328042328042328,0.9333333333333333,0.6471008068444175,0.9604715672676838,1.8911258296273188,0.6910761223603025
321,0.335317152170725,0.5143929912390488,0.5425531914893617,0.4009713515735433,0.7725563909774437,5.090050425275584,0.23485071400822682
322,0.6480965073612659,0.7867063492063492,0.7777777777777778,0.6480965073612659,0.9508393285371702,1.9957292941807894,0.5883484054145521
323,0.6454620014771929,0.7822277847309136,0.723404255319149,0.6454620014771929,0.9689922480620154,2.085374119006603,0.5946427498927402
324,0.36091088271849503,0.6635555555555556,0.4,0.36091088271849503,0.8908114558472554,4.968418637617914,0.19711291988277524
325,0.6190690068928234,0.7498771498771499,0.6727272727272727,0.6190690068928234,0.960352422907489,2.3156390040775965,0.5439282932204211
326,0.551593515329225,0.7325826882477129,0.5918367346938775,0.551593515329225,0.9412296564195298,2.800952569973487,0.42978294032706593
327,0.6132388859807276,0.7651567944250871,0.8536585365853658,0.6132388859807276,0.9490060501296457,2.0558643392616185,0.6963575181639445
328,0.4940081249844747,0.6956140350877194,0.5921052631578947,0.4940081249844747,0.9011363636363636,3.1613948620995944,0.3889150984017737
329,0.5288375951486334,0.6650641025641025,0.8125,0.5413540281964418,0.8892857142857142,2.605355622357167,0.4533823502911814
330,0.44525216719622074,0.7090543259557344,0.49295774647887325,0.44128557522522444,0.9158004158004158,3.7248294178429373,0.3353846347458302
331,0.5607649761414885,0.7187096774193549,0.62,0.5607649761414885,0.9298831385642737,2.7210336702997133,0.29950940277884625
332,0.5750451199408314,0.71875,0.609375,0.5750451199408314,0.9237899073120495,2.679772643563844,0.4359286452893223
333,0.6620711790623117,0.7913793103448276,0.725,0.6620711790623117,0.9632738719832109,2.0076992083059704,0.581688979580598
334,0.4946586923110298,0.7006139400505598,0.5492957746478874,0.5129778426028279,0.8870598994055784,3.2670096642764084,0.2660760420950957
335,0.5180504070950799,0.6491428571428571,0.7,0.5180504070950799,0.8881939014855356,2.8922799307045115,0.2894181863635009
336,0.5575785022355192,0.7551096246748421,0.5652173913043478,0.5575785022355192,0.9499766245909304,2.7951132262415843,0.45113946681242295
337,0.6687570243904639,0.7495126705653021,0.7037037037037037,0.6687570243904639,0.9752694990488269,2.0672498862968767,0.5755895140396069
338,0.6354450168886727,0.6978260869565217,0.6521739130434783,0.6354450168886727,0.9649298597194389,2.368059623943241,0.4974336870755163
339,0.4667032857490806,0.7887323943661971,0.36619718309859156,0.49632800603588745,0.9139987445072191,3.951409913194172,0.26399734224238225
340,0.5099017802794373,0.7008985879332478,0.4634146341463415,0.5099017802794373,0.8465116279069768,3.4673958343040736,0.233890134862494
341,0.7347620678148966,0.7096774193548387,1.0,0.7347620678148966,0.9728958630527818,1.5388933909273204,0.7316529130196308
342,0.6432396111378912,0.6675654853620955,0.7457627118644068,0.6432396111378912,0.9444141689373297,2.2323443517923107,0.5917004387275473
343,0.6840864476455881,0.7104247104247104,0.9459459459459459,0.6840864476455881,0.9653725078698846,1.7765074441384388,0.6231571816937094
344,0.6677128795203295,0.7321637426900585,0.7894736842105263,0.6677128795203295,0.9670442842430484,1.9787135823874518,0.6404001558014815
345,0.5945128954845249,0.7420634920634921,0.8571428571428571,0.5945128954845249,0.9181669394435352,2.151667220709712,0.6195300052345263
346,0.6209809008177056,0.7616666666666667,0.75,0.6209809008177056,0.971307120085016,2.168768016897332,0.560435330627221
347,0.5336829001653772,0.7445887445887446,0.5892857142857143,0.5582168764643021,0.9040735873850198,2.868188074651151,0.3833259389999639
348,0.6089820249874753,0.701766304347826,0.6956521739130435,0.6089820249874753,0.934841628959276,2.395689079411699,0.4079553243045217
349,0.66172120393073,0.7333333333333333,0.7894736842105263,0.66172120393073,0.9587155963302753,2.0,0.5866096270122612
350,0.5791466976511459,0.6788819875776397,0.7608695652173914,0.5791466976511459,0.9003294892915981,2.4506434622320654,0.5367246915276144
351,0.6373613677968435,0.7924063116370809,0.75,0.6373613677968435,0.9414176918570591,2.06510473708202,0.6066758241067098
352,0.5732300719353128,0.6857610474631751,0.8297872340425532,0.5732300719353128,0.9088937093275488,2.3582130204262377,0.5553612096032234
353,0.6565605314685663,0.7137733142037302,0.8292682926829268,0.6565605314685663,0.9539789069990412,1.9973876714691123,0.6447514156562684
354,0.5694210548211724,0.721677559912854,0.7058823529411765,0.5628191273670194,0.9163208852005532,2.508349581342946,0.4164633650362829
355,0.5982721428222562,0.763680387409201,0.5932203389830508,0.6254628979562055,0.9359050445103858,2.5331925850071375,0.4058853497034384
356,0.6298136372752886,0.7800925925925926,0.5925925925925926,0.6298136372752886,0.9663082437275986,2.3734477224839106,0.4893936787898942
357,0.5201480726026806,0.7458333333333333,0.5333333333333333,0.5201480726026806,0.9502322495023225,3.080578417614944,0.41344911529736156
358,0.6505483226476262,0.778695652173913,0.92,0.6505483226476262,0.9681081081081081,1.8360650158569987,0.7988354887823513
359,0.6083166951380098,0.6995,0.8,0.6083166951380098,0.947190250507786,2.2401871361905132,0.6091259990828013
360,0.6157297246075611,0.7351190476190477,0.5833333333333334,0.6157297246075611,0.9695780176643768,2.526315789473684,0.4847763440265157
361,0.30375441789516694,0.746984126984127,0.2857142857142857,0.30375441789516694,0.8660287081339713,6.206375173273137,0.19172877177364261
362,0.5716436770988352,0.7238292011019284,0.75,0.5716436770988352,0.9195100612423447,2.420804961437066,0.4144864624480204
363,0.4384663003774516,0.6383105294467579,0.5,0.46818457184747886,0.8842192006592501,3.9435961023289794,0.2803404821067751
364,0.6129936885053254,0.6876310272536688,0.6792452830188679,0.5983117377717823,0.9398280802292264,2.432238379384011,0.515295877779472
365,0.6163090818006441,0.7360126083530338,0.574468085106383,0.6163090818006441,0.9688796680497925,2.5416135951802565,0.45171585929424996
366,0.5333169964219884,0.646551724137931,0.6896551724137931,0.5333169964219884,0.8600917431192661,2.846912751240363,0.3094922302950865
367,0.55461082429076,0.7598814229249012,0.5227272727272727,0.55461082429076,0.9378048780487804,2.9116982159686944,0.36984285017591956
368,0.56315680326099,0.7121848739495799,0.8235294117647058,0.5916666164260777,0.9159067882472138,2.3623148750744694,0.49808207962123696
369,0.6448293845935787,0.7299145299145299,0.8666666666666667,0.6448293845935787,0.9439941046425939,1.9746173876019344,0.6841957772205881
370,0.5848065028383778,0.760441292356186,0.574468085106383,0.5848065028383778,0.9621136590229312,2.639471558276717,0.4411698907260348
371,0.6060642526666911,0.7191558441558441,0.9545454545454546,0.6060642526666911,0.9197231833910035,2.0305067032823816,0.6412860540846376
372,0.538092859351885,0.7084078711985689,0.6046511627906976,0.538092859351885,0.8898876404494382,2.8818026682052693,0.34253250919525235
373,0.5952390121126666,0.7142307692307692,0.6153846153846154,0.5952390121126666,0.924800796812749,2.585184197440182,0.43980752259858696
374,0.5752964334291862,0.7245584524810765,0.7068965517241379,0.5752964334291862,0.9283405172413793,2.477029394878043,0.5727913124694275
375,0.6033280709390763,0.725328947368421,0.7916666666666666,0.6181331172961475,0.8915094339622641,2.2306119257211097,0.5023023913019848
376,0.6039684700119339,0.7310526315789474,0.76,0.6039684700119339,0.9019480519480519,2.2651799213756476,0.5217491947499509
377,0.5241252322816066,0.6291982665222102,0.7323943661971831,0.5331229260200957,0.9189082278481012,2.8433436645969197,0.5590169943749475
378,0.5213159430451553,0.6709401709401709,0.6923076923076923,0.5213159430451553,0.8686030428769018,2.8452610020584888,0.39629153393148814
379,0.4260785036431157,0.638235294117647,0.4235294117647059,0.4260785036431157,0.8861161524500908,4.377663113624943,0.2629193343331449
380,0.6300635137431622,0.7020833333333333,0.7111111111111111,0.6300635137431622,0.9637750238322211,2.282833237559953,0.5564655570754522
381,0.6520175407900752,0.6951602765556254,0.8604651162790697,0.6520175407900752,0.9380831212892281,2.00387810590337,0.4995410737904039
382,0.6749515466696822,0.6653225806451613,0.7741935483870968,0.6749515466696822,0.9287054409005628,2.066666666666667,0.5494422557947561
383,0.6759071531628692,0.7214285714285714,0.7142857142857143,0.6759071531628692,0.9578503688092729,2.0623275755549915,0.5688545557679726
384,0.6004223212375913,0.7513636363636363,0.7272727272727273,0.6004223212375913,0.9445714285714286,2.298040683970746,0.5637804632638012
385,0.5820000015952442,0.7364583333333333,0.8,0.5820000015952442,0.950694755714926,2.2836182964674387,0.6439209162167846
386,0.6272651083985107,0.7100271002710027,0.9111111111111111,0.6272651083985107,0.9424460431654677,2.0154772389636495,0.6697233845138646
387,0.6357542529749759,0.7723577235772358,0.6585365853658537,0.6357542529749759,0.9478935698447893,2.238756373477843,0.5082832803622094
388,0.6036360637814708,0.6991626794258373,0.8636363636363636,0.6036360637814708,0.9419822723609992,2.1740916798365473,0.5390716933750933
389,0.2901244460535617,0.8406593406593407,0.26373626373626374,0.2901244460535617,0.8236877523553163,6.269105624499116,0.17489492643904123
390,0.7049798080482336,0.7028619528619529,0.9166666666666666,0.7049798080482336,0.9531963470319634,1.7357436926071577,0.700948985139993
391,0.36593143000742334,0.8072842998585573,0.27722772277227725,0.36593143000742334,0.8942420681551116,5.359973213850714,0.23842929999268525
392,0.6375500242822262,0.8223255813953488,0.5813953488372093,0.6375500242822262,0.9434364994663821,2.301658716878827,0.4969293465978882
393,0.5063877128503635,0.7258771929824561,0.5277777777777778,0.5063877128503635,0.9297752808988764,3.2113395702977474,0.39960240355240045
394,0.5967185264875144,0.7452107279693486,0.8055555555555556,0.5967185264875144,0.8881278538812786,2.2064754975435634,0.29450754468697576
395,0.6484247237009333,0.6935483870967742,0.7741935483870968,0.6484247237009333,0.9084507042253521,2.1291657011167193,0.49526055654364853
396,0.6454082129770697,0.8092705167173252,0.5957446808510638,0.6454082129770697,0.9655485040797824,2.2594724462139166,0.4927809374119091
397,0.5951638532390899,0.7334869431643625,0.7380952380952381,0.5951638532390899,0.9381139489194499,2.329632480424668,0.539458640676002
398,0.6222267998107208,0.6797385620915033,0.6470588235294118,0.6222267998107208,0.9662162162162162,2.4662114614161954,0.4338609156373123
399,0.596673114522629,0.6639784946236559,0.7741935483870968,0.6085469153507922,0.9490874159462056,2.3846153846153846,0.5215361924162119
400,0.6669780910120936,0.6419573643410853,0.8958333333333334,0.6669780910120936,0.9477825464949928,1.986579139025315,0.5356715840055802
401,0.6942358765745301,0.7129629629629629,0.75,0.6942358765745301,0.9678770949720671,1.9500982864503615,0.5426013671700637
402,0.6714640659723726,0.7336734693877551,0.8,0.6714640659723726,0.9638069705093834,1.9493569340772658,0.6279504491291603
403,0.6669498326734402,0.7915282392026578,0.6511627906976745,0.6669498326734402,0.9587525150905433,2.0985449199832953,0.4893501829289196
404,0.6228866386581804,0.7603260869565217,0.8695652173913043,0.6228866386581804,0.9523485364193329,2.0091699542737445,0.7392913662000464
405,0.6607465068352963,0.675880758807588,0.9111111111111111,0.6607465068352963,0.9636785162287481,1.9428258013295978,0.5827715174143585
406,0.5239788008382453,0.6447811447811448,0.6111111111111112,0.5239788008382453,0.9126290706910246,3.0756332015072156,0.4002761477719327
407,0.4278849194189298,0.7206349206349206,0.47619047619047616,0.4278849194189298,0.8792769528728211,3.8731704126083386,0.2226491625240247
408,0.5237172904863926,0.7542242703533026,0.49206349206349204,0.5237172904863926,0.9217772215269087,3.1705004451782535,0.344999116294379
409,0.6109905850273742,0.8176328502415459,0.6388888888888888,0.6109905850273742,0.9136302294197031,2.307905163782101,0.47067872433164165
410,0.605296042640002,0.7456828885400314,0.7959183673469388,0.605296042640002,0.9550938337801609,2.1866468447836676,0.6266583837522701
411,0.5226089858523664,0.7206026858827382,0.6056338028169014,0.5226089858523664,0.914380714879468,2.9290835947626763,0.4395053277665874
412,0.6024609288466174,0.7297817715019256,0.926829268292683,0.6024609288466174,0.9319672131147541,2.0583263599107684,0.5648594053921048
413,0.6075505150021168,0.7510638297872341,0.6382978723404256,0.6075505150021168,0.9592391304347826,2.4235320042473782,0.5249064128980124
414,0.48144803241423006,0.6877289377289377,0.6964285714285714,0.491323632412731,0.8330560177481975,2.9936387603849774,0.3610222689138239
415,0.6458340823075331,0.7560738581146744,0.8571428571428571,0.6458340823075331,0.9534313725490197,1.9473129307350387,0.6718183648678904
416,0.4195962790753491,0.6315439219165927,0.532608695652174,0.4498825152039707,0.8483313468414779,3.9688830643504964,0.3768989741639732
417,0.5320536577878908,0.7171347171347171,0.6190476190476191,0.5320536577878908,0.9362380446333688,2.859152266233252,0.4061963098242753
418,0.5645969304556417,0.658276125095347,0.8070175438596491,0.5645969304556417,0.8915289256198347,2.4761897105859734,0.5210723495279931
419,0.5619734686639796,0.8193877551020409,0.40816326530612246,0.5619734686639796,0.9491725768321513,3.13450915426535,0.31622776601683794
420,0.5910770268957036,0.7048863086598935,0.7358490566037735,0.6047430963509485,0.8999382334774553,2.3966792294417862,0.4254145542087492
421,0.6906369365045981,0.7521929824561403,0.7916666666666666,0.6906369365045981,0.9560975609756097,1.8619389877788541,0.6566643386778935
422,0.5673716332383166,0.7166666666666667,0.7,0.5673716332383166,0.9200203769740194,2.536341519755448,0.5412947441089744
423,0.39461688818791646,0.6136842105263158,0.5066666666666667,0.4624733230476011,0.7906871609403255,4.314635681533861,0.1254714033071239
424,0.43286804888781855,0.6710997442455243,0.5411764705882353,0.43286804888781855,0.8491909385113269,3.732604524638306,0.35355339059327373
425,0.5712255847652663,0.7654761904761904,0.6349206349206349,0.5712255847652663,0.9155196962505933,2.560279101200822,0.47500712516031646
426,0.6480296534559482,0.7345345345345345,0.8222222222222222,0.6480296534559482,0.9429452582883577,2.0090399823914207,0.6562651283354397
427,0.5329487537339828,0.6959302325581396,0.9302325581395349,0.5329487537339828,0.9200614911606456,2.364165210845444,0.6125638918316889
428,0.47145222483703775,0.690625,0.5333333333333333,0.5142903529209957,0.9240418118466899,3.471281263176799,0.28676384454472476
429,0.4393902028958437,0.6659498207885305,0.6888888888888889,0.43404812242488366,0.830948121645796,3.284051176977991,0.34160882434290357
430,0.5182183663303878,0.7060185185185185,0.5925925925925926,0.5182183663303878,0.8802308802308803,3.0133714016641977,0.33520076157699547
431,0.7028808960412538,0.75,0.8648648648648649,0.7028808960412538,0.9704918032786886,1.7379287053471277,0.663663648395968
432,0.583966634431985,0.725945945945946,0.74,0.583966634431985,0.9565527065527065,2.383590590097948,0.610170215847752
433,0.5647077703766776,0.7105263157894737,0.7631578947368421,0.5647077703766776,0.925531914893617,2.450483417640312,0.4581228472908511
434,0.546273631665531,0.7029736050785166,0.5616438356164384,0.5563429798125515,0.9191786806465706,2.961218000096033,0.4338609156373123
435,0.6093161293944701,0.7393483709273183,0.9047619047619048,0.6093161293944701,0.9254901960784314,2.0454065958728935,0.6777949104220682
436,0.62177354602298,0.7862068965517242,0.6444444444444445,0.62177354602298,0.9715909090909091,2.299634944085745,0.5073234167474707
437,0.6999140848766295,0.7271929824561404,0.7894736842105263,0.6999140848766295,0.9662004662004662,1.859309558688135,0.6453259822308218
438,0.5328669754995599,0.7801724137931034,0.6206896551724138,0.5328669754995599,0.9593639575971732,2.7339002472536387,0.526267994723361
439,0.6167373534064042,0.743663318986131,0.803921568627451,0.6167373534064042,0.9528186274509803,2.135820657229817,0.6827934508705573
440,0.5883085627829329,0.7662337662337663,0.6363636363636364,0.5883085627829329,0.9173955296404276,2.483549202040534,0.37174692648527385
441,0.579893404412024,0.7218045112781954,0.9047619047619048,0.579893404412024,0.93354943273906,2.1767519867616523,0.6324555320336759
442,0.5945027764605685,0.6673469387755102,0.6122448979591837,0.5945027764605685,0.9280983916745507,2.6846725057244076,0.41182520563948005
443,0.5084275425093782,0.6563528637261357,0.7903225806451613,0.5084275425093782,0.9067758071850841,2.7504588935365835,0.5524741224586988
444,0.3871486344396657,0.5568181818181818,0.6875,0.4554379882423073,0.7910881498224088,3.941292786608749,0.38013155617496425
445,0.6577635412277949,0.7506775067750677,0.6585365853658537,0.6577635412277949,0.9595842956120092,2.1806683863624694,0.4850712500726659
446,0.5459747916495082,0.7841133816743573,0.5540540540540541,0.5459747916495082,0.9604360113039968,2.8243607310329395,0.46199130858625165
447,0.4993959676116588,0.6976190476190476,0.5833333333333334,0.4993959676116588,0.8960244648318043,3.1521705139626133,0.4365429470249743
448,0.5473545642027755,0.7501815541031227,0.5294117647058824,0.5473545642027755,0.934841628959276,2.947213396036359,0.3752115997105226
449,0.46789071539178595,0.68019884009942,0.4788732394366197,0.46789071539178595,0.9287330316742082,3.7134635966671015,0.3146583877637763
450,0.6579902796000113,0.6733333333333333,0.9166666666666666,0.6579902796000113,0.9447278911564626,1.950741724015073,0.6951030979874016
451,0.6669651070121188,0.7773741567202906,0.8723404255319149,0.6669651070121188,0.9633440514469453,1.8294704954767051,0.7443778346080286
452,0.49305551368839806,0.6919779546846295,0.647887323943662,0.49305551368839806,0.8609523809523809,3.0349675844764086,0.3046846968673016
453,0.5813440626812265,0.6682769726247987,0.782608695652174,0.5813440626812265,0.9464082098061574,2.426458184287164,0.5139016982746936
454,0.6030370750441,0.8208502024291497,0.6842105263157895,0.6030370750441,0.930045871559633,2.256593675718744,0.5587442366156626
455,0.5208313897915893,0.683743842364532,0.603448275862069,0.5151855627578725,0.8846398980242193,3.0213074601434697,0.30313675443913407
456,0.6898937467283186,0.7699859747545582,0.7419354838709677,0.6898937467283186,0.9547826086956521,1.9039193706730815,0.5700085501923798
457,0.5388603660332263,0.6221515633280339,0.6891891891891891,0.5388603660332263,0.8989280245022971,2.8766634323904228,0.44963136828622047
458,0.5677314507527861,0.8140625,0.5333333333333333,0.5677314507527861,0.9421338155515371,2.72474408175767,0.4437778447716876
459,0.6052557066357253,0.7167119565217391,0.6956521739130435,0.6052557066357253,0.9386120996441281,2.385897703077526,0.5059644256269408
460,0.7035185194767267,0.7773809523809524,0.9333333333333333,0.7035185194767267,0.9924012158054711,1.6409401785795412,0.7666518779999278
461,0.6162229086385806,0.7837837837837838,0.7027027027027027,0.6162229086385806,0.9629629629629629,2.227237797198557,0.5803340113821001
462,0.5661278190040382,0.6619190404797601,0.6304347826086957,0.5661278190040382,0.9197916666666667,2.7867374092975297,0.39637917581103554
463,0.5139142926448327,0.6114832535885167,0.7236842105263158,0.5222366559947653,0.8930817610062893,2.950969034450045,0.46125012504317986
464,0.4000987007588323,0.7279168634860652,0.3972602739726027,0.4000987007588323,0.9086084905660378,4.4303430249848805,0.24857728847995222
465,0.6751996101502439,0.759453781512605,0.8235294117647058,0.6751996101502439,0.9550858652575958,1.8745982526982121,0.6519202405202649
466,0.6865082801809121,0.7323452484742807,0.8378378378378378,0.6865082801809121,0.9699769053117783,1.85,0.6984302957695783
467,0.46608661062151757,0.5800536672629696,0.8269230769230769,0.46608661062151757,0.9264285714285714,3.069433928640722,0.4439767838698152
468,0.5782504996506466,0.6190803019903912,0.7580645161290323,0.5901117395955838,0.8993020937188435,2.5749056283491596,0.43461349368017654
469,0.6906311122767644,0.764367816091954,0.9666666666666667,0.6906311122767644,0.9722222222222222,1.6715407482979578,0.7032672589742298
470,0.5142085242385988,0.7638888888888888,0.47368421052631576,0.5142085242385988,0.9401709401709402,3.26182365825702,0.3817399489194657
471,0.6268459091615884,0.7118171683389075,0.8478260869565217,0.6268459091615884,0.9287272727272727,2.0882703482835754,0.6305639709828864
472,0.5744441112452412,0.75,0.5423728813559322,0.5744441112452412,0.9516129032258065,2.783479520915948,0.4668806358052212
473,0.5506595517218321,0.7962184873949579,0.6071428571428571,0.5506595517218321,0.9171203871748337,2.6567289364876316,0.45952120453570267
474,0.5099436683670481,0.7013888888888888,0.7272727272727273,0.5769106509319438,0.907309105757452,2.766672011959604,0.4432905934241562
475,0.5552177598311048,0.645748987854251,0.5846153846153846,0.5552177598311048,0.9360328638497653,2.9836744910226285,0.44240987299843987
476,0.6734633602146445,0.7061111111111111,0.8888888888888888,0.6734633602146445,0.955639097744361,1.877694636836104,0.7158599835262723
477,0.6108048043596499,0.7798611111111111,0.7111111111111111,0.6108048043596499,0.9327242524916943,2.240642278737846,0.515805240252132
478,0.5075162964668387,0.7210626185958254,0.5483870967741935,0.5075162964668387,0.9063804412641622,3.155014536419214,0.40430377003132
479,0.4463034751046977,0.7308622078968574,0.4657534246575342,0.4463034751046977,0.908817635270541,3.7677010132324145,0.34596009201802713
480,0.5577446979935092,0.7102564102564103,0.5769230769230769,0.5577446979935092,0.9342327150084317,2.851841928288006,0.4517848924445082
481,0.6350425102381271,0.7359307359307359,0.8484848484848485,0.6350425102381271,0.9577464788732394,2.0231221453453445,0.5608387106354028
482,0.6396081753444142,0.7055860805860806,0.8076923076923077,0.6396081753444142,0.9442401960784313,2.1003027711405244,0.5765533740283273
483,0.5855023649128014,0.6752308309915697,0.8867924528301887,0.5855023649128014,0.9396648044692737,2.251822971718256,0.6204284864908406
484,0.5770757872709441,0.770656779661017,0.5423728813559322,0.5770757872709441,0.9648541114058355,2.733801830303209,0.4575232767924944
485,0.5332260035904878,0.820236260914227,0.559322033898305,0.5332260035904878,0.9306526806526807,2.8070926223369024,0.35938112891672885
486,0.6627447701235379,0.6817625458996328,0.7543859649122807,0.6627447701235379,0.9543118218161051,2.1178179578210243,0.5623100214072791
487,0.5839221721127965,0.7518716577540107,0.8088235294117647,0.593533898272944,0.9192546583850931,2.2404412749983864,0.5324705665241595
488,0.6043028002105166,0.6221966647498562,0.7872340425531915,0.6043028002105166,0.9232081911262798,2.41111490383766,0.5919690451597537
489,0.5706687953982471,0.703921568627451,0.5882352941176471,0.5706687953982471,0.9505736981465137,2.7763899063129687,0.42853726720446417
490,0.6488954662255275,0.8226544622425629,0.6052631578947368,0.6488954662255275,0.9716216216216216,2.209093473292707,0.5089865985592876
491,0.5948577805613809,0.8141295206055509,0.7073170731707317,0.6032655601418211,0.9334619093539055,2.2600229935646214,0.5339929913879817
492,0.6838528931846299,0.7525252525252525,0.8181818181818182,0.6838528931846299,0.9714751426242869,1.8568640323897676,0.7
493,0.6387443160417812,0.75625,0.8,0.6387443160417812,0.9480901077375122,2.0416550213171725,0.583578607664135
494,0.5600972724795602,0.7485119047619048,0.6428571428571429,0.5600972724795602,0.9326328800988876,2.621400079133566,0.5150787536377128
495,0.5583288550029452,0.746875,0.64,0.5583288550029452,0.9409448818897638,2.637883166738435,0.48280787926033486
496,0.489356287301145,0.6872131147540984,0.819672131147541,0.489356287301145,0.8938166311300639,2.724307368989176,0.6052574936862544
497,0.6063140183374741,0.6408668730650154,0.8947368421052632,0.5971622399385557,0.9169435215946844,2.2207279934483934,0.5465943944999485
498,0.6393544636860052,0.7947845804988662,0.7346938775510204,0.6393544636860052,0.9629120879120879,2.075878015863403,0.6088107501520948
499,0.6234779691206307,0.7776360544217688,0.75,0.6234779691206307,0.9672131147540983,2.136955551772219,0.6536449587517803
500,0.42639228022029396,0.7848101265822784,0.3924050632911392,0.42639228022029396,0.9156741305383516,4.09910029943324,0.3064451491566221
501,0.5905599635517286,0.7094882729211087,0.835820895522388,0.5905599635517286,0.9396399576420755,2.24345002355628,0.5315658732274591
502,0.5254056563153706,0.7238615664845173,0.7377049180327869,0.5254056563153706,0.9048269581056466,2.6357654070828227,0.4589954630288077
503,0.6397819358641936,0.738819320214669,0.9069767441860465,0.6397819358641936,0.9322799097065463,1.9363137948515792,0.6474803234313529
504,0.4883693936942042,0.6605691056910569,0.5694444444444444,0.4883693936942042,0.8928571428571429,3.339262180262589,0.4071639637402852
505,0.44847183757513603,0.7096273291925466,0.4057971014492754,0.46735281337582535,0.898427260812582,4.081297813239685,0.3149290838726275
506,0.5628017518574848,0.6957446808510638,0.6382978723404256,0.5628017518574848,0.8910081743869209,2.7164043153606867,0.2978879006693419
507,0.5903394522541813,0.6621621621621622,0.8809523809523809,0.5903394522541813,0.9449035812672176,2.2628199556973785,0.524853977895955
508,0.5771443041474309,0.7984126984126985,0.6222222222222222,0.5771443041474309,0.8894783377541998,2.5073212224121213,0.47646289000663095
509,0.6522337689113757,0.8108108108108109,0.74,0.6522337689113757,0.9771986970684039,2.0,0.6107408240296612
510,0.5104118434721194,0.6239924134660977,0.6491228070175439,0.5104118434721194,0.8785046728971962,3.10238759342641,0.39059089494768773
511,0.47589310937712054,0.7835249042145593,0.5370370370370371,0.47589310937712054,0.9115898959881129,3.2236676970799985,0.3755977341885738
512,0.5559407952066836,0.7146520146520147,0.6461538461538462,0.5559407952066836,0.9211520302171861,2.6945157719508726,0.447213595499958
513,0.5736327495061941,0.7387669801462905,0.5689655172413793,0.5736327495061941,0.9489932885906041,2.741969250650863,0.4248385633132294
514,0.6338938880507183,0.7263888888888889,0.9,0.6338938880507183,0.9561243144424132,1.9813150401851587,0.5983966933565787
515,0.5307747512563096,0.7562136435748281,0.5081967213114754,0.5425042258946268,0.9383202099737533,3.0795018910157155,0.40061680838488767
516,0.5924456734278329,0.68125,0.8,0.5924456734278329,0.9062355658198614,2.3326742911170975,0.41987825295740455
517,0.561131155363736,0.6488970588235294,0.6274509803921569,0.561131155363736,0.9281332164767747,2.8448773098994242,0.45780895698521495
518,0.6770456848386911,0.8078078078078078,0.8222222222222222,0.6770456848386911,0.9810357403355215,1.8124260474352822,0.7151953752498411
519,0.5382421275991583,0.64030131826742,0.8194444444444444,0.5382421275991583,0.9042553191489362,2.603149255433239,0.4465250445211505
520,0.6712314471694774,0.7926829268292683,0.8780487804878049,0.6712314471694774,0.972568578553616,1.7909198078344455,0.7584727410239636
521,0.3383623516187782,0.6038329519450801,0.41304347826086957,0.3638903754034597,0.8131741140215717,5.352255092826152,0.195322317975856
522,0.6248692769467395,0.7391621129326047,0.7377049180327869,0.6248692769467395,0.9666507860886137,2.204625385378692,0.5547001962252291
523,0.590309138118971,0.7549603174603174,0.875,0.590309138118971,0.9213075060532687,2.126496551653271,0.6187474380041936
524,0.34855733421333057,0.6436781609195402,0.39080459770114945,0.4085508102202695,0.8484848484848485,5.224992352748143,0.04216370213557839
525,0.41800687498686323,0.6727941176470589,0.38636363636363635,0.41800687498686323,0.8934753661784287,4.527320374474151,0.25564271078802253
526,0.6502126365775021,0.731845238095238,0.9333333333333333,0.6502126365775021,0.9681102362204724,1.8815169933108589,0.7620846689288875
527,0.5558324664556743,0.7519713261648745,0.6888888888888889,0.5558324664556743,0.9043103448275862,2.5444800985151947,0.5
528,0.3277931392942258,0.6372180451127819,0.3684210526315789,0.3520660858072528,0.7779690189328744,5.6332264804621515,0.21655611680148387
529,0.4084834136048688,0.7037943696450428,0.4418604651162791,0.4084834136048688,0.8846153846153846,4.2090600363114286,0.30610651298702635
530,0.6729328642600622,0.7890148212728858,0.8378378378378378,0.6729328642600622,0.955649419218585,1.8315357275372457,0.643050164072379
531,0.46943055705609876,0.7787755102040816,0.5,0.46943055705609876,0.8688524590163934,3.3876050200243735,0.4049691346263317
532,0.5895465503777971,0.7617647058823529,0.7843137254901961,0.5895465503777971,0.9412477286493035,2.2389175754730886,0.5925568289249715
533,0.5715217100036102,0.6675890695261155,0.8305084745762712,0.5715217100036102,0.9225621414913958,2.395910802458264,0.44944410108488464
534,0.6419726404979873,0.7266233766233766,0.7954545454545454,0.6419726404979873,0.9427127211457456,2.0765872075398066,0.6104503031775582
535,0.35956778590894867,0.6549111807732497,0.5057471264367817,0.39059575394513046,0.7185439954141588,4.458915910884403,0.2030692330267238
536,0.6532949568984724,0.769,0.8,0.6532949568984724,0.9636591478696742,1.9712351134118464,0.682367203197809
537,0.6994269358641468,0.6984126984126984,0.9333333333333333,0.6994269358641468,0.974169741697417,1.7467411091883067,0.6983497030086773
538,0.43730969737969916,0.7532467532467533,0.3116883116883117,0.43730969737969916,0.9521203830369357,4.607091102350833,0.25931147860528464
539,0.4983564103835048,0.7742296918767507,0.49411764705882355,0.4983564103835048,0.9228714524207011,3.256689344556513,0.38125856080313314
540,0.6224046051533497,0.7902930402930403,0.717948717948718,0.6224046051533497,0.9473106476399561,2.1706819916066555,0.5282161921779872
541,0.7256077257932185,0.6584766584766585,0.8918918918918919,0.7256077257932185,0.9617224880382775,1.7321619167012992,0.5661695375110529
542,0.6300141111685383,0.777124183006536,0.7555555555555555,0.6300141111685383,0.9580983078162773,2.1052182258447996,0.6254202127193174
543,0.6241606826384154,0.7196209587513935,0.7536231884057971,0.6241606826384154,0.9577151335311572,2.213407310875292,0.6416176055494213
544,0.5929927253454642,0.8087431693989071,0.5901639344262295,0.5929927253454642,0.9548387096774194,2.4903252668171465,0.5109172812991691
545,0.6667557311334313,0.6575581395348837,0.9302325581395349,0.6667557311334313,0.9512195121951219,1.9270638560935258,0.5917723823643537
546,0.4415310694854021,0.7846768336964416,0.41975308641975306,0.4415310694854021,0.8685691318327974,3.861626572177739,0.277131166281539
547,0.5804942654475171,0.7545833333333334,0.6666666666666666,0.5804942654475171,0.9216284987277353,2.47763866679871,0.41046759576782826
548,0.49890992047990046,0.7552447552447552,0.5076923076923077,0.5089380098815465,0.9015025041736227,3.25,0.4305841201946008
549,0.519082307873031,0.6708937198067633,0.782608695652174,0.519082307873031,0.8888,2.686080060792823,0.45605557649470035
550,0.4470011659009352,0.7019762845849803,0.41818181818181815,0.4470011659009352,0.9051987767584098,4.0523965516565985,0.3156711898752138
551,0.6187583163875078,0.7413636363636363,0.7272727272727273,0.6187583163875078,0.9719904648390941,2.2410828052313967,0.5312876120874716
552,0.4918929673873292,0.7151009657594382,0.5074626865671642,0.4918929673873292,0.9245175936435869,3.37989765127567,0.3615582889886309
553,0.5416539057913436,0.681551116333725,0.6216216216216216,0.5416539057913436,0.8936825885978429,2.8806091268826375,0.3624462611549484
554,0.6320229030079058,0.7701388888888889,0.8,0.6320229030079058,0.9706783369803064,2.0477966325403165,0.719943723854331
555,0.6102608998143608,0.88,0.49019607843137253,0.6102608998143608,0.9404861693210393,2.542925383860289,0.39223227027636803
556,0.5878365883453124,0.764381402679275,0.574468085106383,0.5878365883453124,0.9661354581673307,2.6191825711418413,0.4779864033186187
557,0.5074290346109914,0.6380141843971632,0.6266666666666667,0.5161401035812291,0.8906930693069307,3.1380566101456813,0.46300166988715036
558,0.5866245541425386,0.654054054054054,0.925,0.5866245541425386,0.8848263254113345,2.235982242821274,0.5224377249688121
559,0.5753449835156506,0.7659709044908286,0.8225806451612904,0.5753449835156506,0.9501765398195371,2.2331350813165596,0.6544392761809544
560,0.5779176961960816,0.7992610837438424,0.4827586206896552,0.5779176961960816,0.9433139534883721,2.8413312191105766,0.4111700055702786
561,0.4694964652189829,0.6822169059011164,0.4342105263157895,0.4694964652189829,0.9442604856512141,3.883510059470005,0.3600238780231249
562,0.5924359733420371,0.8086734693877551,0.6530612244897959,0.5924359733420371,0.9323529411764706,2.3697142509559757,0.4365189348559864
563,0.563155545842461,0.764344262295082,0.6557377049180327,0.563155545842461,0.9137677609015189,2.5554362015456116,0.4985908849388344
564,0.5099494659414767,0.6741071428571429,0.6428571428571429,0.5044215992708564,0.897029702970297,3.001648945495092,0.4462497719754704
565,0.5200571676465837,0.6126482213438735,0.696969696969697,0.5300101891770536,0.8942307692307693,2.973755740698342,0.3862160813477717
566,0.48576910249776106,0.6858872252309652,0.589041095890411,0.48576910249776106,0.9034830046160303,3.236064377663788,0.425
567,0.5122386443723003,0.835016835016835,0.4074074074074074,0.5122386443723003,0.8888888888888888,3.375,0.22249707974499242
568,0.6238570973637482,0.7134353741496599,0.6666666666666666,0.6238570973637482,0.9490950226244343,2.3647853693269543,0.5177269909067925
569,0.5526594135242391,0.6757044125465178,0.5789473684210527,0.5526594135242391,0.9304538799414348,2.943526218995718,0.37856141648148994
570,0.5701188936571269,0.7485380116959064,0.7037037037037037,0.5701188936571269,0.9411764705882353,2.4638621188213334,0.5755432216610669
571,0.4538557296739905,0.716017316017316,0.5303030303030303,0.4538557296739905,0.8290726817042606,3.521857790083906,0.18159320563572454
572,0.6456446920749055,0.7168784029038112,0.7631578947368421,0.6456446920749055,0.9461077844311377,2.1201449108400463,0.4961782879177758
573,0.6411413578754679,0.7246376811594203,0.6521739130434783,0.6411413578754679,0.9615384615384616,2.3,0.5413902920037097
574,0.5395401842624755,0.705381339527681,0.6507936507936508,0.5395401842624755,0.9244038559107052,2.777050341005605,0.4502802389379104
575,0.6281938890733012,0.7411764705882353,0.85,0.6281938890733012,0.923923006416132,2.0389833402487536,0.6173949065130317
576,0.34279832460716586,0.7111111111111111,0.3125,0.34279832460716586,0.8943231441048035,5.621356473727648,0.23977917411529545
577,0.6081630688281422,0.8586956521739131,0.4782608695652174,0.6081630688281422,0.9634146341463414,2.6156918311744755,0.37267799624996495
578,0.2732676222015309,0.5254329004329005,0.3181818181818182,0.30226778305942226,0.8033645890788748,7.494352684277321,0.25371818811214997
579,0.6726704270039322,0.6987353206865402,0.7592592592592593,0.6726704270039322,0.9644638403990025,2.0455507938963473,0.6017403952436415
580,0.6473542447250075,0.7974137931034483,0.725,0.6473542447250075,0.9696016771488469,2.0559814877919194,0.5754225500544022
581,0.621843663704132,0.7504835589941973,0.8545454545454545,0.621843663704132,0.9627791563275434,2.0437522009218645,0.5893995138303395
582,0.45936370625147266,0.7209821428571429,0.5714285714285714,0.45936370625147266,0.8873626373626373,3.3496845511837403,0.4
583,0.5609172541610459,0.7391826923076923,0.6153846153846154,0.5609172541610459,0.9276018099547512,2.692446180553949,0.5088386549293697
584,0.4872377495150837,0.734172077922078,0.4155844155844156,0.4872377495150837,0.934400826446281,3.714711958529892,0.31030868003176754
585,0.4873477261535206,0.7422272470322216,0.47540983606557374,0.4873477261535206,0.9358517462580185,3.4535967497846,0.36608826607349904
586,0.6093492244270976,0.7516339869281046,0.5882352941176471,0.6093492244270976,0.9480626545754328,2.515751332879537,0.49852724275079074
587,0.6425463425895851,0.8045977011494253,0.6041666666666666,0.6425463425895851,0.9605488850771869,2.2619885930596926,0.48166378315169184
588,0.539456823966879,0.8141025641025641,0.43333333333333335,0.539456823966879,0.9477611940298507,3.1683032518597765,0.3026463738196889
589,0.5850081004980362,0.7135945815191098,0.7358490566037735,0.5850081004980362,0.9653141361256544,2.4066587390023173,0.5079253544375131
590,0.4980006132357154,0.6903225806451613,0.5166666666666667,0.4980006132357154,0.8972746331236897,3.374827812038897,0.32623276775423077
591,0.46105345292097366,0.6792255363683936,0.46153846153846156,0.46105345292097366,0.9348217500900252,3.829103551339434,0.2962816319481588
592,0.6001988128072442,0.6943488943488944,0.6727272727272727,0.6001988128072442,0.9553752535496958,2.486506522278953,0.5133952284872583
593,0.5419072033984732,0.7434722858451672,0.6271186440677966,0.5419072033984732,0.9408695652173913,2.744777033107894,0.3495170413043721
594,0.5646653462334595,0.5784101453758119,0.8688524590163934,0.5646653462334595,0.8947368421052632,2.545592359262398,0.5309907904212606
595,0.6035277315467739,0.7637937252073567,0.7966101694915254,0.6035277315467739,0.9636032757051866,2.1662195474059747,0.6901045890960317
596,0.5640904142445673,0.6653491436100132,0.717391304347826,0.5640904142445673,0.9099099099099099,2.6145320246734074,0.3530090432487313
597,0.5909335781402402,0.6875,0.8421052631578947,0.5909335781402402,0.9348906560636183,2.269082139674226,0.5881716976750462
598,0.556596082502829,0.6573529411764706,0.7843137254901961,0.5696154338106967,0.9048582995951417,2.5472888903438755,0.4061384660534476
599,0.6283185307179586,0.7939560439560439,0.6730769230769231,0.6283185307179586,0.9691482226693494,2.2133854989999358,0.5521576303742327
600,0.5532755987891657,0.6801020408163265,0.8163265306122449,0.5532755987891657,0.8792875989445911,2.4683232497057586,0.4456688116249245
601,0.5757187703371549,0.7857142857142857,0.7142857142857143,0.5757187703371549,0.9292502639915523,2.3646629300745925,0.509004499297213
602,0.6525394264599207,0.7449577098243331,0.9137931034482759,0.6525394264599207,0.9593632174277336,1.876586780409595,0.7358236637186913
603,0.5869109805733871,0.7647058823529411,0.6470588235294118,0.5869109805733871,0.9647676161919041,2.4712470460732545,0.5160156871153361
604,0.5896326485470432,0.6687864334923158,0.7254901960784313,0.5896326485470432,0.9313653136531366,2.484107736936129,0.5271206080224663
605,0.587296544551215,0.8026819923371648,0.5370370370370371,0.587296544551215,0.9422788605697151,2.6459252627101004,0.42810753271195706
606,0.60603387694682,0.7113237639553429,0.868421052631579,0.60603387694682,0.902834008097166,2.1406131376147233,0.6021516462493741
607,0.4935703257608367,0.6489116517285531,0.7746478873239436,0.4935703257608367,0.9154624277456648,2.8637386136861056,0.514593033833249
608,0.6115813498087945,0.692722371967655,0.7924528301886793,0.6115813498087945,0.9244604316546763,2.249043018819255,0.6185794910899213
609,0.6095715526012097,0.794162826420891,0.7380952380952381,0.6095715526012097,0.9468864468864469,2.1840778275098285,0.5280588545286916
610,0.5987177466041348,0.7204301075268817,0.6458333333333334,0.5987177466041348,0.9453262786596119,2.4977241178559204,0.43950532776658746
611,0.5441548756773431,0.7730027548209366,0.6,0.6100559851884401,0.8982074263764405,2.741764811452168,0.384136662673268
612,0.6474778976797303,0.7915282392026578,0.6511627906976745,0.6474778976797303,0.9577889447236181,2.1769734464819783,0.5714285714285715
613,0.6791528343218309,0.7658986175115208,0.8857142857142857,0.6791528343218309,0.9629200463499421,1.7858741260947033,0.7267667514266379
614,0.5783095048036722,0.7262479871175523,0.5869565217391305,0.5783095048036722,0.9657387580299786,2.701464783545594,0.4739094469774012
615,0.5671194831911748,0.765993265993266,0.6136363636363636,0.5671194831911748,0.9036742800397219,2.6213830329421626,0.42250014819841986
616,0.6244894427191234,0.7627551020408163,0.75,0.6244894427191234,0.9655543595263725,2.1538461538461537,0.6115789865796152
617,0.43807652351496856,0.6956395348837209,0.5375,0.43807652351496856,0.8497869318181818,3.645881599650459,0.31212369893744923
618,0.4388058859771277,0.7213403880070547,0.43209876543209874,0.4388058859771277,0.8875868055555556,3.9882171184281616,0.312254659935773
619,0.6707021475829571,0.8351851851851851,0.8333333333333334,0.6707021475829571,0.9761904761904762,1.7928056813098359,0.7239332290434765
620,0.5186304370480854,0.7223214285714286,0.546875,0.5186304370480854,0.9445417396380619,3.09908503232646,0.3864939758404985
621,0.5960015545345803,0.8120713305898491,0.5,0.5960015545345803,0.9618196588139724,2.686188256780933,0.3764870817927583
622,0.49668679190613013,0.6371814092953523,0.8405797101449275,0.49668679190613013,0.8959943780744906,2.76,0.508427559805136
623,0.41317998618641266,0.6756756756756757,0.3918918918918919,0.41317998618641266,0.9200507614213198,4.523802741060813,0.2884679762368844
624,0.6948112170840683,0.7948717948717948,0.7222222222222222,0.6948112170840683,0.9750982961992136,1.879783442022392,0.5854709249535844
625,0.6571698918223546,0.7706766917293233,0.9210526315789473,0.6571698918223546,0.9473197781885397,1.8218547840992938,0.7528284198427434
626,0.6366533683703397,0.77578125,0.8,0.6366533683703397,0.9557266602502407,2.023425829274031,0.6186625597463115
627,0.6465622572307701,0.6905637254901961,0.7083333333333334,0.6465622572307701,0.9486531986531986,2.2384248100558954,0.48709459707208336
628,0.5902159801036709,0.7745098039215687,0.7058823529411765,0.5902159801036709,0.9423459244532804,2.337867560163343,0.453021807609672
629,0.6363628466119242,0.7183783783783784,0.74,0.6363628466119242,0.9588744588744589,2.187444648772662,0.5035819409409258
630,0.6672619317148389,0.7025,0.75,0.6672619317148389,0.9579545454545455,2.0743436167435645,0.5487954724560283
631,0.5033443373652783,0.5983606557377049,0.7625,0.5033443373652783,0.8664688427299704,2.9575503326126507,0.45761530208886403
632,0.6176099707413941,0.7678018575851393,0.7450980392156863,0.6176099707413941,0.9271028037383178,2.180043301348816,0.5292599647666443
633,0.6157133750091107,0.7288378766140603,0.8292682926829268,0.6157133750091107,0.9442379182156134,2.1280130135412816,0.5713171854612168
634,0.6971647593838846,0.8020022246941045,0.9354838709677419,0.6971647593838846,0.9690860215053764,1.6360985911309478,0.7818700369735249
635,0.6308337521090042,0.7775,0.8,0.6308337521090042,0.9470158343483557,2.042418691187882,0.6596155885658175
636,0.5127806190776729,0.7802469135802469,0.5555555555555556,0.5127806190776729,0.875952875952876,2.987215182639318,0.364369209495339
637,0.49857075412470014,0.6912020905923345,0.7321428571428571,0.49857075412470014,0.8787375415282392,2.8305543995782423,0.4645556649229087
638,0.6156443705168423,0.7315270935960592,0.8448275862068966,0.6156443705168423,0.9493150684931507,2.1047008694960527,0.5357673302137341
639,0.6373246460213797,0.6679421768707483,1.0208333333333333,0.6373246460213797,0.9480989740494871,1.9280959340407728,0.6748373177332485
640,0.5512067110389365,0.7595706618962433,0.6615384615384615,0.5512067110389365,0.9230434782608695,2.6034693661321513,0.49180436204991546
641,0.7197680138389838,0.6954703832752613,0.8536585365853658,0.7197680138389838,0.9774730656219393,1.7476102931672823,0.7071067811865475
642,0.6241878756584542,0.7371273712737128,0.8780487804878049,0.6241878756584542,0.9602824360105914,2.025997462485155,0.5648594053921048
643,0.4600935289324333,0.6957217113154738,0.6721311475409836,0.4600935289324333,0.8301526717557252,3.1402701774080817,0.35663147581074606
644,0.595239298137031,0.7647058823529411,0.6938775510204082,0.595239298137031,0.9367647058823529,2.3528554231473855,0.5478623361363826
645,0.6319736019231109,0.7768115942028986,0.6521739130434783,0.6319736019231109,0.9666366095581606,2.258474092374512,0.5725983343138683
646,0.5250514872230266,0.7019977802441731,0.6415094339622641,0.5250514872230266,0.8760387811634349,2.8718441560118806,0.5035450008859245
647,0.6880392497907009,0.7808641975308642,0.8,0.6880392497907009,0.9656488549618321,1.8277145985863117,0.7064577615168082
648,0.659346606308969,0.7906976744186046,0.7441860465116279,0.659346606308969,0.9602824360105914,1.992789356047616,0.5970223141259935
649,0.7036020840910289,0.7096165933375236,0.8604651162790697,0.7036020840910289,0.9543533389687235,1.788420626401907,0.6515583641446041
